run_name,modes_path,checkpoint,method,r_value,seed,n_samples,selection_flag,k_neighbors,purity_threshold,max_unassigned_fraction,retained_candidates,radius,all_cells_any_candidate_pct,labeled_cells_any_candidate_pct,labeled_cells_label_consistent_pct
labeled_b0_n1000_R1.5_seed0,results_levine13/additional_complete_fixed_checkpoint/baseline_seeds/modes_labeled_b0_n1000_R1.5_seed0.npy,labeled,b0,1.5,0,1000.0,all_raw,100,0.9,0.2,604,0.25,0.0005986446684705827,0.0012232864814610935,0.0012232864814610935
labeled_b0_n1000_R1.5_seed0,results_levine13/additional_complete_fixed_checkpoint/baseline_seeds/modes_labeled_b0_n1000_R1.5_seed0.npy,labeled,b0,1.5,0,1000.0,all_raw,100,0.9,0.2,604,0.5,0.17719882186729247,0.34007364184618394,0.3315106364759563
labeled_b0_n1000_R1.5_seed0,results_levine13/additional_complete_fixed_checkpoint/baseline_seeds/modes_labeled_b0_n1000_R1.5_seed0.npy,labeled,b0,1.5,0,1000.0,all_raw,100,0.9,0.2,604,0.8,3.5499628840305544,6.677920902296108,6.38800200618983
labeled_b0_n1000_R1.5_seed0,results_levine13/additional_complete_fixed_checkpoint/baseline_seeds/modes_labeled_b0_n1000_R1.5_seed0.npy,labeled,b0,1.5,0,1000.0,all_raw,100,0.9,0.2,604,1.0,11.101865376786954,20.27475014373616,19.5126426657859
labeled_b0_n1000_R1.5_seed0,results_levine13/additional_complete_fixed_checkpoint/baseline_seeds/modes_labeled_b0_n1000_R1.5_seed0.npy,labeled,b0,1.5,0,1000.0,all_raw,100,0.9,0.2,604,1.5,44.15243887837935,68.88203848459271,66.61161877500092
labeled_b0_n1000_R1.5_seed0,results_levine13/additional_complete_fixed_checkpoint/baseline_seeds/modes_labeled_b0_n1000_R1.5_seed0.npy,labeled,b0,1.5,0,1000.0,all_raw,100,0.9,0.2,604,2.0,73.32678815162473,92.5673113386424,90.14765067831235
labeled_b0_n1000_R1.5_seed0,results_levine13/additional_complete_fixed_checkpoint/baseline_seeds/modes_labeled_b0_n1000_R1.5_seed0.npy,labeled,b0,1.5,0,1000.0,confident_without_distance,100,0.9,0.2,319,0.25,0.0005986446684705827,0.0012232864814610935,0.0012232864814610935
labeled_b0_n1000_R1.5_seed0,results_levine13/additional_complete_fixed_checkpoint/baseline_seeds/modes_labeled_b0_n1000_R1.5_seed0.npy,labeled,b0,1.5,0,1000.0,confident_without_distance,100,0.9,0.2,319,0.5,0.144872009769881,0.28502575018043474,0.2825791772175126
labeled_b0_n1000_R1.5_seed0,results_levine13/additional_complete_fixed_checkpoint/baseline_seeds/modes_labeled_b0_n1000_R1.5_seed0.npy,labeled,b0,1.5,0,1000.0,confident_without_distance,100,0.9,0.2,319,0.8,2.9585019515816193,5.70540814953454,5.6271178147210295
labeled_b0_n1000_R1.5_seed0,results_levine13/additional_complete_fixed_checkpoint/baseline_seeds/modes_labeled_b0_n1000_R1.5_seed0.npy,labeled,b0,1.5,0,1000.0,confident_without_distance,100,0.9,0.2,319,1.0,9.313713752065324,17.571287019707146,17.24344624267557
labeled_b0_n1000_R1.5_seed0,results_levine13/additional_complete_fixed_checkpoint/baseline_seeds/modes_labeled_b0_n1000_R1.5_seed0.npy,labeled,b0,1.5,0,1000.0,confident_without_distance,100,0.9,0.2,319,1.5,35.53375158640837,60.40466316806733,58.44006507884081
labeled_b0_n1000_R1.5_seed0,results_levine13/additional_complete_fixed_checkpoint/baseline_seeds/modes_labeled_b0_n1000_R1.5_seed0.npy,labeled,b0,1.5,0,1000.0,confident_without_distance,100,0.9,0.2,319,2.0,56.89339335743876,84.00063610897035,81.13692245586994
labeled_b0_n1000_R1.5_seed1,results_levine13/additional_complete_fixed_checkpoint/baseline_seeds/modes_labeled_b0_n1000_R1.5_seed1.npy,labeled,b0,1.5,1,1000.0,all_raw,100,0.9,0.2,613,0.25,0.0005986446684705827,0.0012232864814610935,0.0012232864814610935
labeled_b0_n1000_R1.5_seed1,results_levine13/additional_complete_fixed_checkpoint/baseline_seeds/modes_labeled_b0_n1000_R1.5_seed1.npy,labeled,b0,1.5,1,1000.0,all_raw,100,0.9,0.2,613,0.5,0.1616340604870573,0.31316133925403994,0.30582162036527333
labeled_b0_n1000_R1.5_seed1,results_levine13/additional_complete_fixed_checkpoint/baseline_seeds/modes_labeled_b0_n1000_R1.5_seed1.npy,labeled,b0,1.5,1,1000.0,all_raw,100,0.9,0.2,613,0.8,3.2219056057086757,6.113985834342545,5.864435392124482
labeled_b0_n1000_R1.5_seed1,results_levine13/additional_complete_fixed_checkpoint/baseline_seeds/modes_labeled_b0_n1000_R1.5_seed1.npy,labeled,b0,1.5,1,1000.0,all_raw,100,0.9,0.2,613,1.0,10.482866789588371,19.20926761838355,18.408014973026532
labeled_b0_n1000_R1.5_seed1,results_levine13/additional_complete_fixed_checkpoint/baseline_seeds/modes_labeled_b0_n1000_R1.5_seed1.npy,labeled,b0,1.5,1,1000.0,all_raw,100,0.9,0.2,613,1.5,43.935130863724524,69.47410914161988,67.12539909721458
labeled_b0_n1000_R1.5_seed1,results_levine13/additional_complete_fixed_checkpoint/baseline_seeds/modes_labeled_b0_n1000_R1.5_seed1.npy,labeled,b0,1.5,1,1000.0,all_raw,100,0.9,0.2,613,2.0,73.50937477550825,93.23644904400162,90.65653785460017
labeled_b0_n1000_R1.5_seed1,results_levine13/additional_complete_fixed_checkpoint/baseline_seeds/modes_labeled_b0_n1000_R1.5_seed1.npy,labeled,b0,1.5,1,1000.0,confident_without_distance,100,0.9,0.2,319,0.25,0.0005986446684705827,0.0012232864814610935,0.0012232864814610935
labeled_b0_n1000_R1.5_seed1,results_levine13/additional_complete_fixed_checkpoint/baseline_seeds/modes_labeled_b0_n1000_R1.5_seed1.npy,labeled,b0,1.5,1,1000.0,confident_without_distance,100,0.9,0.2,319,0.5,0.12511673571035176,0.25444358814390744,0.25444358814390744
labeled_b0_n1000_R1.5_seed1,results_levine13/additional_complete_fixed_checkpoint/baseline_seeds/modes_labeled_b0_n1000_R1.5_seed1.npy,labeled,b0,1.5,1,1000.0,confident_without_distance,100,0.9,0.2,319,0.8,2.6466080793084457,5.170831957136042,5.1426963680624365
labeled_b0_n1000_R1.5_seed1,results_levine13/additional_complete_fixed_checkpoint/baseline_seeds/modes_labeled_b0_n1000_R1.5_seed1.npy,labeled,b0,1.5,1,1000.0,confident_without_distance,100,0.9,0.2,319,1.0,8.90843131151074,16.77125766083159,16.43363059194833
labeled_b0_n1000_R1.5_seed1,results_levine13/additional_complete_fixed_checkpoint/baseline_seeds/modes_labeled_b0_n1000_R1.5_seed1.npy,labeled,b0,1.5,1,1000.0,confident_without_distance,100,0.9,0.2,319,1.5,35.93364622494672,61.471368979901406,59.29147246993773
labeled_b0_n1000_R1.5_seed1,results_levine13/additional_complete_fixed_checkpoint/baseline_seeds/modes_labeled_b0_n1000_R1.5_seed1.npy,labeled,b0,1.5,1,1000.0,confident_without_distance,100,0.9,0.2,319,2.0,57.84044922295922,85.3731635411697,81.34121129827395
labeled_b0_n1000_R1.5_seed2,results_levine13/additional_complete_fixed_checkpoint/baseline_seeds/modes_labeled_b0_n1000_R1.5_seed2.npy,labeled,b0,1.5,2,1000.0,all_raw,100,0.9,0.2,599,0.25,0.0005986446684705827,0.0012232864814610935,0.0012232864814610935
labeled_b0_n1000_R1.5_seed2,results_levine13/additional_complete_fixed_checkpoint/baseline_seeds/modes_labeled_b0_n1000_R1.5_seed2.npy,labeled,b0,1.5,2,1000.0,all_raw,100,0.9,0.2,599,0.5,0.199348674600704,0.3877818146231666,0.3816653822158611
labeled_b0_n1000_R1.5_seed2,results_levine13/additional_complete_fixed_checkpoint/baseline_seeds/modes_labeled_b0_n1000_R1.5_seed2.npy,labeled,b0,1.5,2,1000.0,all_raw,100,0.9,0.2,599,0.8,3.0931970019875004,5.913366851382925,5.691951998238467
labeled_b0_n1000_R1.5_seed2,results_levine13/additional_complete_fixed_checkpoint/baseline_seeds/modes_labeled_b0_n1000_R1.5_seed2.npy,labeled,b0,1.5,2,1000.0,all_raw,100,0.9,0.2,599,1.0,10.19372141471708,18.838611814500837,18.25755073580682
labeled_b0_n1000_R1.5_seed2,results_levine13/additional_complete_fixed_checkpoint/baseline_seeds/modes_labeled_b0_n1000_R1.5_seed2.npy,labeled,b0,1.5,2,1000.0,all_raw,100,0.9,0.2,599,1.5,43.61844783410359,68.919960365518,66.97860471943925
labeled_b0_n1000_R1.5_seed2,results_levine13/additional_complete_fixed_checkpoint/baseline_seeds/modes_labeled_b0_n1000_R1.5_seed2.npy,labeled,b0,1.5,2,1000.0,all_raw,100,0.9,0.2,599,2.0,72.6640885036278,92.67985369493682,90.66265428700747
labeled_b0_n1000_R1.5_seed2,results_levine13/additional_complete_fixed_checkpoint/baseline_seeds/modes_labeled_b0_n1000_R1.5_seed2.npy,labeled,b0,1.5,2,1000.0,confident_without_distance,100,0.9,0.2,318,0.25,0.0005986446684705827,0.0012232864814610935,0.0012232864814610935
labeled_b0_n1000_R1.5_seed2,results_levine13/additional_complete_fixed_checkpoint/baseline_seeds/modes_labeled_b0_n1000_R1.5_seed2.npy,labeled,b0,1.5,2,1000.0,confident_without_distance,100,0.9,0.2,318,0.5,0.1712123751825866,0.3364037824018007,0.3351804959203396
labeled_b0_n1000_R1.5_seed2,results_levine13/additional_complete_fixed_checkpoint/baseline_seeds/modes_labeled_b0_n1000_R1.5_seed2.npy,labeled,b0,1.5,2,1000.0,confident_without_distance,100,0.9,0.2,318,0.8,2.602308373841623,5.074192325100616,5.026484152323633
labeled_b0_n1000_R1.5_seed2,results_levine13/additional_complete_fixed_checkpoint/baseline_seeds/modes_labeled_b0_n1000_R1.5_seed2.npy,labeled,b0,1.5,2,1000.0,confident_without_distance,100,0.9,0.2,318,1.0,8.595938794569095,16.330874527505596,16.062974788065617
labeled_b0_n1000_R1.5_seed2,results_levine13/additional_complete_fixed_checkpoint/baseline_seeds/modes_labeled_b0_n1000_R1.5_seed2.npy,labeled,b0,1.5,2,1000.0,confident_without_distance,100,0.9,0.2,318,1.5,34.937501496611674,59.93247458622335,57.926284756627155
labeled_b0_n1000_R1.5_seed2,results_levine13/additional_complete_fixed_checkpoint/baseline_seeds/modes_labeled_b0_n1000_R1.5_seed2.npy,labeled,b0,1.5,2,1000.0,confident_without_distance,100,0.9,0.2,318,2.0,57.0634084432844,84.67711353321835,80.56442438254615
labeled_b0_n1000_R1.5_seed3,results_levine13/additional_complete_fixed_checkpoint/baseline_seeds/modes_labeled_b0_n1000_R1.5_seed3.npy,labeled,b0,1.5,3,1000.0,all_raw,100,0.9,0.2,622,0.25,0.0,0.0,0.0
labeled_b0_n1000_R1.5_seed3,results_levine13/additional_complete_fixed_checkpoint/baseline_seeds/modes_labeled_b0_n1000_R1.5_seed3.npy,labeled,b0,1.5,3,1000.0,all_raw,100,0.9,0.2,622,0.5,0.15385167979693973,0.30337504740235116,0.2984819014765068
labeled_b0_n1000_R1.5_seed3,results_levine13/additional_complete_fixed_checkpoint/baseline_seeds/modes_labeled_b0_n1000_R1.5_seed3.npy,labeled,b0,1.5,3,1000.0,all_raw,100,0.9,0.2,622,0.8,3.1817964129211465,6.0467050778621845,5.8460860949025655
labeled_b0_n1000_R1.5_seed3,results_levine13/additional_complete_fixed_checkpoint/baseline_seeds/modes_labeled_b0_n1000_R1.5_seed3.npy,labeled,b0,1.5,3,1000.0,all_raw,100,0.9,0.2,622,1.0,10.52237733770743,19.26553879653076,18.51688746987657
labeled_b0_n1000_R1.5_seed3,results_levine13/additional_complete_fixed_checkpoint/baseline_seeds/modes_labeled_b0_n1000_R1.5_seed3.npy,labeled,b0,1.5,3,1000.0,all_raw,100,0.9,0.2,622,1.5,44.354182131653936,69.61111722754352,67.11683609184435
labeled_b0_n1000_R1.5_seed3,results_levine13/additional_complete_fixed_checkpoint/baseline_seeds/modes_labeled_b0_n1000_R1.5_seed3.npy,labeled,b0,1.5,3,1000.0,all_raw,100,0.9,0.2,622,2.0,74.27444266181365,93.29516679511175,90.34826966127197
labeled_b0_n1000_R1.5_seed3,results_levine13/additional_complete_fixed_checkpoint/baseline_seeds/modes_labeled_b0_n1000_R1.5_seed3.npy,labeled,b0,1.5,3,1000.0,confident_without_distance,100,0.9,0.2,308,0.25,0.0,0.0,0.0
labeled_b0_n1000_R1.5_seed3,results_levine13/additional_complete_fixed_checkpoint/baseline_seeds/modes_labeled_b0_n1000_R1.5_seed3.npy,labeled,b0,1.5,3,1000.0,confident_without_distance,100,0.9,0.2,308,0.5,0.13589233974282225,0.27279288536582386,0.27279288536582386
labeled_b0_n1000_R1.5_seed3,results_levine13/additional_complete_fixed_checkpoint/baseline_seeds/modes_labeled_b0_n1000_R1.5_seed3.npy,labeled,b0,1.5,3,1000.0,confident_without_distance,100,0.9,0.2,308,0.8,2.7016833888077394,5.2491222919495515,5.225879848801791
labeled_b0_n1000_R1.5_seed3,results_levine13/additional_complete_fixed_checkpoint/baseline_seeds/modes_labeled_b0_n1000_R1.5_seed3.npy,labeled,b0,1.5,3,1000.0,confident_without_distance,100,0.9,0.2,308,1.0,8.824621057924858,16.690520753055157,16.425067586578102
labeled_b0_n1000_R1.5_seed3,results_levine13/additional_complete_fixed_checkpoint/baseline_seeds/modes_labeled_b0_n1000_R1.5_seed3.npy,labeled,b0,1.5,3,1000.0,confident_without_distance,100,0.9,0.2,308,1.5,34.941093364622496,60.11229769899813,58.32385286310201
labeled_b0_n1000_R1.5_seed3,results_levine13/additional_complete_fixed_checkpoint/baseline_seeds/modes_labeled_b0_n1000_R1.5_seed3.npy,labeled,b0,1.5,3,1000.0,confident_without_distance,100,0.9,0.2,308,2.0,56.37017791719548,84.23673039989235,80.7075489008771
labeled_b0_n1000_R1.5_seed4,results_levine13/additional_complete_fixed_checkpoint/baseline_seeds/modes_labeled_b0_n1000_R1.5_seed4.npy,labeled,b0,1.5,4,1000.0,all_raw,100,0.9,0.2,615,0.25,0.0005986446684705827,0.0012232864814610935,0.0012232864814610935
labeled_b0_n1000_R1.5_seed4,results_levine13/additional_complete_fixed_checkpoint/baseline_seeds/modes_labeled_b0_n1000_R1.5_seed4.npy,labeled,b0,1.5,4,1000.0,all_raw,100,0.9,0.2,615,0.5,0.14547065443835158,0.2825791772175126,0.2813558907360515
labeled_b0_n1000_R1.5_seed4,results_levine13/additional_complete_fixed_checkpoint/baseline_seeds/modes_labeled_b0_n1000_R1.5_seed4.npy,labeled,b0,1.5,4,1000.0,all_raw,100,0.9,0.2,615,0.8,3.274586336534087,6.302371952487553,6.191052882674594
labeled_b0_n1000_R1.5_seed4,results_levine13/additional_complete_fixed_checkpoint/baseline_seeds/modes_labeled_b0_n1000_R1.5_seed4.npy,labeled,b0,1.5,4,1000.0,all_raw,100,0.9,0.2,615,1.0,10.638514403390724,19.587263141155027,18.981736332831787
labeled_b0_n1000_R1.5_seed4,results_levine13/additional_complete_fixed_checkpoint/baseline_seeds/modes_labeled_b0_n1000_R1.5_seed4.npy,labeled,b0,1.5,4,1000.0,all_raw,100,0.9,0.2,615,1.5,44.95342544479299,69.74812531346716,66.54433801852055
labeled_b0_n1000_R1.5_seed4,results_levine13/additional_complete_fixed_checkpoint/baseline_seeds/modes_labeled_b0_n1000_R1.5_seed4.npy,labeled,b0,1.5,4,1000.0,all_raw,100,0.9,0.2,615,2.0,73.12324896434473,92.69697970567728,89.20694337406877
labeled_b0_n1000_R1.5_seed4,results_levine13/additional_complete_fixed_checkpoint/baseline_seeds/modes_labeled_b0_n1000_R1.5_seed4.npy,labeled,b0,1.5,4,1000.0,confident_without_distance,100,0.9,0.2,342,0.25,0.0005986446684705827,0.0012232864814610935,0.0012232864814610935
labeled_b0_n1000_R1.5_seed4,results_levine13/additional_complete_fixed_checkpoint/baseline_seeds/modes_labeled_b0_n1000_R1.5_seed4.npy,labeled,b0,1.5,4,1000.0,confident_without_distance,100,0.9,0.2,342,0.5,0.1412801417590575,0.275239458328746,0.275239458328746
labeled_b0_n1000_R1.5_seed4,results_levine13/additional_complete_fixed_checkpoint/baseline_seeds/modes_labeled_b0_n1000_R1.5_seed4.npy,labeled,b0,1.5,4,1000.0,confident_without_distance,100,0.9,0.2,342,0.8,3.027346088455736,5.9170367108273085,5.876668256939093
labeled_b0_n1000_R1.5_seed4,results_levine13/additional_complete_fixed_checkpoint/baseline_seeds/modes_labeled_b0_n1000_R1.5_seed4.npy,labeled,b0,1.5,4,1000.0,confident_without_distance,100,0.9,0.2,342,1.0,9.446612868465794,17.904020942664562,17.6324513437802
labeled_b0_n1000_R1.5_seed4,results_levine13/additional_complete_fixed_checkpoint/baseline_seeds/modes_labeled_b0_n1000_R1.5_seed4.npy,labeled,b0,1.5,4,1000.0,confident_without_distance,100,0.9,0.2,342,1.5,35.5780512918752,60.78877512324611,58.767905855872385
labeled_b0_n1000_R1.5_seed4,results_levine13/additional_complete_fixed_checkpoint/baseline_seeds/modes_labeled_b0_n1000_R1.5_seed4.npy,labeled,b0,1.5,4,1000.0,confident_without_distance,100,0.9,0.2,342,2.0,57.02629247383923,84.49117398803627,80.58644353921245
labeled_b10_n5000_R1.5_seed0,results_levine13/additional_complete_fixed_checkpoint/baseline_seeds/modes_labeled_b10_n5000_R1.5_seed0.npy,labeled,b10,1.5,0,5000.0,all_raw,100,0.9,0.2,1988,0.25,0.0,0.0,0.0
labeled_b10_n5000_R1.5_seed0,results_levine13/additional_complete_fixed_checkpoint/baseline_seeds/modes_labeled_b10_n5000_R1.5_seed0.npy,labeled,b10,1.5,0,5000.0,all_raw,100,0.9,0.2,1988,0.5,0.03472139077129379,0.07095061592474342,0.07095061592474342
labeled_b10_n5000_R1.5_seed0,results_levine13/additional_complete_fixed_checkpoint/baseline_seeds/modes_labeled_b10_n5000_R1.5_seed0.npy,labeled,b10,1.5,0,5000.0,all_raw,100,0.9,0.2,1988,0.8,2.0168338880773926,3.890051011046277,3.8521291301209826
labeled_b10_n5000_R1.5_seed0,results_levine13/additional_complete_fixed_checkpoint/baseline_seeds/modes_labeled_b10_n5000_R1.5_seed0.npy,labeled,b10,1.5,0,5000.0,all_raw,100,0.9,0.2,1988,1.0,9.096405737410503,16.77003437435013,16.440970310837095
labeled_b10_n5000_R1.5_seed0,results_levine13/additional_complete_fixed_checkpoint/baseline_seeds/modes_labeled_b10_n5000_R1.5_seed0.npy,labeled,b10,1.5,0,5000.0,all_raw,100,0.9,0.2,1988,1.5,49.401355331529416,75.86455772077262,73.71524337284548
labeled_b10_n5000_R1.5_seed0,results_levine13/additional_complete_fixed_checkpoint/baseline_seeds/modes_labeled_b10_n5000_R1.5_seed0.npy,labeled,b10,1.5,0,5000.0,all_raw,100,0.9,0.2,1988,2.0,79.44792988673642,95.94725188691939,93.94962506269343
labeled_b10_n5000_R1.5_seed0,results_levine13/additional_complete_fixed_checkpoint/baseline_seeds/modes_labeled_b10_n5000_R1.5_seed0.npy,labeled,b10,1.5,0,5000.0,confident_without_distance,100,0.9,0.2,737,0.25,0.0,0.0,0.0
labeled_b10_n5000_R1.5_seed0,results_levine13/additional_complete_fixed_checkpoint/baseline_seeds/modes_labeled_b10_n5000_R1.5_seed0.npy,labeled,b10,1.5,0,5000.0,confident_without_distance,100,0.9,0.2,737,0.5,0.03232681209741146,0.06605746999889904,0.06605746999889904
labeled_b10_n5000_R1.5_seed0,results_levine13/additional_complete_fixed_checkpoint/baseline_seeds/modes_labeled_b10_n5000_R1.5_seed0.npy,labeled,b10,1.5,0,5000.0,confident_without_distance,100,0.9,0.2,737,0.8,1.8150906348028066,3.5658800934590875,3.558540374570321
labeled_b10_n5000_R1.5_seed0,results_levine13/additional_complete_fixed_checkpoint/baseline_seeds/modes_labeled_b10_n5000_R1.5_seed0.npy,labeled,b10,1.5,0,5000.0,confident_without_distance,100,0.9,0.2,737,1.0,7.796748162160867,14.889843052344428,14.777300696050007
labeled_b10_n5000_R1.5_seed0,results_levine13/additional_complete_fixed_checkpoint/baseline_seeds/modes_labeled_b10_n5000_R1.5_seed0.npy,labeled,b10,1.5,0,5000.0,confident_without_distance,100,0.9,0.2,737,1.5,37.833744402672345,64.67148641540362,62.89527444432211
labeled_b10_n5000_R1.5_seed0,results_levine13/additional_complete_fixed_checkpoint/baseline_seeds/modes_labeled_b10_n5000_R1.5_seed0.npy,labeled,b10,1.5,0,5000.0,confident_without_distance,100,0.9,0.2,737,2.0,57.9589808673164,85.19211714191346,81.81217659363647
labeled_b10_n5000_R1.5_seed1,results_levine13/additional_complete_fixed_checkpoint/baseline_seeds/modes_labeled_b10_n5000_R1.5_seed1.npy,labeled,b10,1.5,1,5000.0,all_raw,100,0.9,0.2,1992,0.25,0.0,0.0,0.0
labeled_b10_n5000_R1.5_seed1,results_levine13/additional_complete_fixed_checkpoint/baseline_seeds/modes_labeled_b10_n5000_R1.5_seed1.npy,labeled,b10,1.5,1,5000.0,all_raw,100,0.9,0.2,1992,0.5,0.026340365412705635,0.05137803222136592,0.05137803222136592
labeled_b10_n5000_R1.5_seed1,results_levine13/additional_complete_fixed_checkpoint/baseline_seeds/modes_labeled_b10_n5000_R1.5_seed1.npy,labeled,b10,1.5,1,5000.0,all_raw,100,0.9,0.2,1992,0.8,1.8815401930030413,3.5805595312366205,3.5230650666079493
labeled_b10_n5000_R1.5_seed1,results_levine13/additional_complete_fixed_checkpoint/baseline_seeds/modes_labeled_b10_n5000_R1.5_seed1.npy,labeled,b10,1.5,1,5000.0,all_raw,100,0.9,0.2,1992,1.0,9.19757668638203,16.943741054717602,16.497241488984304
labeled_b10_n5000_R1.5_seed1,results_levine13/additional_complete_fixed_checkpoint/baseline_seeds/modes_labeled_b10_n5000_R1.5_seed1.npy,labeled,b10,1.5,1,5000.0,all_raw,100,0.9,0.2,1992,1.5,50.02334714207035,77.04258260241966,74.74158073079134
labeled_b10_n5000_R1.5_seed1,results_levine13/additional_complete_fixed_checkpoint/baseline_seeds/modes_labeled_b10_n5000_R1.5_seed1.npy,labeled,b10,1.5,1,5000.0,all_raw,100,0.9,0.2,1992,2.0,79.34436435909102,96.13074485913856,94.21997137509634
labeled_b10_n5000_R1.5_seed1,results_levine13/additional_complete_fixed_checkpoint/baseline_seeds/modes_labeled_b10_n5000_R1.5_seed1.npy,labeled,b10,1.5,1,5000.0,confident_without_distance,100,0.9,0.2,747,0.25,0.0,0.0,0.0
labeled_b10_n5000_R1.5_seed1,results_levine13/additional_complete_fixed_checkpoint/baseline_seeds/modes_labeled_b10_n5000_R1.5_seed1.npy,labeled,b10,1.5,1,5000.0,confident_without_distance,100,0.9,0.2,747,0.5,0.021551208064940975,0.04159174036967717,0.04159174036967717
labeled_b10_n5000_R1.5_seed1,results_levine13/additional_complete_fixed_checkpoint/baseline_seeds/modes_labeled_b10_n5000_R1.5_seed1.npy,labeled,b10,1.5,1,5000.0,confident_without_distance,100,0.9,0.2,747,0.8,1.5935921074686907,3.114487381799944,3.107147662911177
labeled_b10_n5000_R1.5_seed1,results_levine13/additional_complete_fixed_checkpoint/baseline_seeds/modes_labeled_b10_n5000_R1.5_seed1.npy,labeled,b10,1.5,1,5000.0,confident_without_distance,100,0.9,0.2,747,1.0,7.606379157587223,14.569341994201624,14.42254761642629
labeled_b10_n5000_R1.5_seed1,results_levine13/additional_complete_fixed_checkpoint/baseline_seeds/modes_labeled_b10_n5000_R1.5_seed1.npy,labeled,b10,1.5,1,5000.0,confident_without_distance,100,0.9,0.2,747,1.5,38.83348099901822,66.07337272315804,64.03293087208093
labeled_b10_n5000_R1.5_seed1,results_levine13/additional_complete_fixed_checkpoint/baseline_seeds/modes_labeled_b10_n5000_R1.5_seed1.npy,labeled,b10,1.5,1,5000.0,confident_without_distance,100,0.9,0.2,747,2.0,59.77347285745073,86.93285380503261,83.28012037138977
labeled_b10_n5000_R1.5_seed2,results_levine13/additional_complete_fixed_checkpoint/baseline_seeds/modes_labeled_b10_n5000_R1.5_seed2.npy,labeled,b10,1.5,2,5000.0,all_raw,100,0.9,0.2,1995,0.25,0.0,0.0,0.0
labeled_b10_n5000_R1.5_seed2,results_levine13/additional_complete_fixed_checkpoint/baseline_seeds/modes_labeled_b10_n5000_R1.5_seed2.npy,labeled,b10,1.5,2,5000.0,all_raw,100,0.9,0.2,1995,0.5,0.05926582217858768,0.11621221573880386,0.11621221573880386
labeled_b10_n5000_R1.5_seed2,results_levine13/additional_complete_fixed_checkpoint/baseline_seeds/modes_labeled_b10_n5000_R1.5_seed2.npy,labeled,b10,1.5,2,5000.0,all_raw,100,0.9,0.2,1995,0.8,1.9108737817580996,3.6270444175321415,3.542637650311326
labeled_b10_n5000_R1.5_seed2,results_levine13/additional_complete_fixed_checkpoint/baseline_seeds/modes_labeled_b10_n5000_R1.5_seed2.npy,labeled,b10,1.5,2,5000.0,all_raw,100,0.9,0.2,1995,1.0,8.849165489332151,16.184080149730264,15.709444994923361
labeled_b10_n5000_R1.5_seed2,results_levine13/additional_complete_fixed_checkpoint/baseline_seeds/modes_labeled_b10_n5000_R1.5_seed2.npy,labeled,b10,1.5,2,5000.0,all_raw,100,0.9,0.2,1995,1.5,49.67493594502048,76.1764957735452,74.10057861450574
labeled_b10_n5000_R1.5_seed2,results_levine13/additional_complete_fixed_checkpoint/baseline_seeds/modes_labeled_b10_n5000_R1.5_seed2.npy,labeled,b10,1.5,2,5000.0,all_raw,100,0.9,0.2,1995,2.0,79.87296760135054,95.89832042766095,93.92638261954566
labeled_b10_n5000_R1.5_seed2,results_levine13/additional_complete_fixed_checkpoint/baseline_seeds/modes_labeled_b10_n5000_R1.5_seed2.npy,labeled,b10,1.5,2,5000.0,confident_without_distance,100,0.9,0.2,749,0.25,0.0,0.0,0.0
labeled_b10_n5000_R1.5_seed2,results_levine13/additional_complete_fixed_checkpoint/baseline_seeds/modes_labeled_b10_n5000_R1.5_seed2.npy,labeled,b10,1.5,2,5000.0,confident_without_distance,100,0.9,0.2,749,0.5,0.05567395416776419,0.10887249685003732,0.10887249685003732
labeled_b10_n5000_R1.5_seed2,results_levine13/additional_complete_fixed_checkpoint/baseline_seeds/modes_labeled_b10_n5000_R1.5_seed2.npy,labeled,b10,1.5,2,5000.0,confident_without_distance,100,0.9,0.2,749,0.8,1.630708076913867,3.1744284193915373,3.1621955545769262
labeled_b10_n5000_R1.5_seed2,results_levine13/additional_complete_fixed_checkpoint/baseline_seeds/modes_labeled_b10_n5000_R1.5_seed2.npy,labeled,b10,1.5,2,5000.0,confident_without_distance,100,0.9,0.2,749,1.0,7.333995833433107,13.976048050692992,13.824360526991816
labeled_b10_n5000_R1.5_seed2,results_levine13/additional_complete_fixed_checkpoint/baseline_seeds/modes_labeled_b10_n5000_R1.5_seed2.npy,labeled,b10,1.5,2,5000.0,confident_without_distance,100,0.9,0.2,749,1.5,38.279734680682935,64.99443404650935,63.2573672428346
labeled_b10_n5000_R1.5_seed2,results_levine13/additional_complete_fixed_checkpoint/baseline_seeds/modes_labeled_b10_n5000_R1.5_seed2.npy,labeled,b10,1.5,2,5000.0,confident_without_distance,100,0.9,0.2,749,2.0,59.92792318191614,86.39950089911557,81.94551482011573
labeled_b10_n5000_R1.5_seed3,results_levine13/additional_complete_fixed_checkpoint/baseline_seeds/modes_labeled_b10_n5000_R1.5_seed3.npy,labeled,b10,1.5,3,5000.0,all_raw,100,0.9,0.2,2007,0.25,0.0,0.0,0.0
labeled_b10_n5000_R1.5_seed3,results_levine13/additional_complete_fixed_checkpoint/baseline_seeds/modes_labeled_b10_n5000_R1.5_seed3.npy,labeled,b10,1.5,3,5000.0,all_raw,100,0.9,0.2,2007,0.5,0.04370106079835253,0.08685334018373764,0.08685334018373764
labeled_b10_n5000_R1.5_seed3,results_levine13/additional_complete_fixed_checkpoint/baseline_seeds/modes_labeled_b10_n5000_R1.5_seed3.npy,labeled,b10,1.5,3,5000.0,all_raw,100,0.9,0.2,2007,0.8,2.1533248724886858,4.155504177523334,4.120028869560962
labeled_b10_n5000_R1.5_seed3,results_levine13/additional_complete_fixed_checkpoint/baseline_seeds/modes_labeled_b10_n5000_R1.5_seed3.npy,labeled,b10,1.5,3,5000.0,all_raw,100,0.9,0.2,2007,1.0,9.56694044682838,17.63000477081728,17.291154415452556
labeled_b10_n5000_R1.5_seed3,results_levine13/additional_complete_fixed_checkpoint/baseline_seeds/modes_labeled_b10_n5000_R1.5_seed3.npy,labeled,b10,1.5,3,5000.0,all_raw,100,0.9,0.2,2007,1.5,49.99461219798376,76.28536827039525,74.15073336024564
labeled_b10_n5000_R1.5_seed3,results_levine13/additional_complete_fixed_checkpoint/baseline_seeds/modes_labeled_b10_n5000_R1.5_seed3.npy,labeled,b10,1.5,3,5000.0,all_raw,100,0.9,0.2,2007,2.0,79.81908958118818,95.98272719488176,94.22975766694802
labeled_b10_n5000_R1.5_seed3,results_levine13/additional_complete_fixed_checkpoint/baseline_seeds/modes_labeled_b10_n5000_R1.5_seed3.npy,labeled,b10,1.5,3,5000.0,confident_without_distance,100,0.9,0.2,759,0.25,0.0,0.0,0.0
labeled_b10_n5000_R1.5_seed3,results_levine13/additional_complete_fixed_checkpoint/baseline_seeds/modes_labeled_b10_n5000_R1.5_seed3.npy,labeled,b10,1.5,3,5000.0,confident_without_distance,100,0.9,0.2,759,0.5,0.04250377146141137,0.08685334018373764,0.08685334018373764
labeled_b10_n5000_R1.5_seed3,results_levine13/additional_complete_fixed_checkpoint/baseline_seeds/modes_labeled_b10_n5000_R1.5_seed3.npy,labeled,b10,1.5,3,5000.0,confident_without_distance,100,0.9,0.2,759,0.8,1.9426019491870405,3.828886686973222,3.821546968084456
labeled_b10_n5000_R1.5_seed3,results_levine13/additional_complete_fixed_checkpoint/baseline_seeds/modes_labeled_b10_n5000_R1.5_seed3.npy,labeled,b10,1.5,3,5000.0,confident_without_distance,100,0.9,0.2,759,1.0,8.200833313378512,15.661736822146377,15.54185474696319
labeled_b10_n5000_R1.5_seed3,results_levine13/additional_complete_fixed_checkpoint/baseline_seeds/modes_labeled_b10_n5000_R1.5_seed3.npy,labeled,b10,1.5,3,5000.0,confident_without_distance,100,0.9,0.2,759,1.5,38.097148056799405,64.88311497669639,62.883041579507506
labeled_b10_n5000_R1.5_seed3,results_levine13/additional_complete_fixed_checkpoint/baseline_seeds/modes_labeled_b10_n5000_R1.5_seed3.npy,labeled,b10,1.5,3,5000.0,confident_without_distance,100,0.9,0.2,759,2.0,59.06767079332391,85.93098217671596,81.39992904938408
labeled_b10_n5000_R1.5_seed4,results_levine13/additional_complete_fixed_checkpoint/baseline_seeds/modes_labeled_b10_n5000_R1.5_seed4.npy,labeled,b10,1.5,4,5000.0,all_raw,100,0.9,0.2,1988,0.25,0.0,0.0,0.0
labeled_b10_n5000_R1.5_seed4,results_levine13/additional_complete_fixed_checkpoint/baseline_seeds/modes_labeled_b10_n5000_R1.5_seed4.npy,labeled,b10,1.5,4,5000.0,all_raw,100,0.9,0.2,1988,0.5,0.02095256339647039,0.03914516740675499,0.037921880925293895
labeled_b10_n5000_R1.5_seed4,results_levine13/additional_complete_fixed_checkpoint/baseline_seeds/modes_labeled_b10_n5000_R1.5_seed4.npy,labeled,b10,1.5,4,5000.0,all_raw,100,0.9,0.2,1988,0.8,1.7630085486458658,3.3738241158696956,3.305320072907874
labeled_b10_n5000_R1.5_seed4,results_levine13/additional_complete_fixed_checkpoint/baseline_seeds/modes_labeled_b10_n5000_R1.5_seed4.npy,labeled,b10,1.5,4,5000.0,all_raw,100,0.9,0.2,1988,1.0,9.040133138574268,16.59143454805681,16.137595263434743
labeled_b10_n5000_R1.5_seed4,results_levine13/additional_complete_fixed_checkpoint/baseline_seeds/modes_labeled_b10_n5000_R1.5_seed4.npy,labeled,b10,1.5,4,5000.0,all_raw,100,0.9,0.2,1988,1.5,49.84195780752377,76.58507345835321,74.38193450524179
labeled_b10_n5000_R1.5_seed4,results_levine13/additional_complete_fixed_checkpoint/baseline_seeds/modes_labeled_b10_n5000_R1.5_seed4.npy,labeled,b10,1.5,4,5000.0,all_raw,100,0.9,0.2,1988,2.0,79.45212039941573,95.86284511969858,93.884790879176
labeled_b10_n5000_R1.5_seed4,results_levine13/additional_complete_fixed_checkpoint/baseline_seeds/modes_labeled_b10_n5000_R1.5_seed4.npy,labeled,b10,1.5,4,5000.0,confident_without_distance,100,0.9,0.2,744,0.25,0.0,0.0,0.0
labeled_b10_n5000_R1.5_seed4,results_levine13/additional_complete_fixed_checkpoint/baseline_seeds/modes_labeled_b10_n5000_R1.5_seed4.npy,labeled,b10,1.5,4,5000.0,confident_without_distance,100,0.9,0.2,744,0.5,0.017360695385646895,0.03302873499944952,0.03302873499944952
labeled_b10_n5000_R1.5_seed4,results_levine13/additional_complete_fixed_checkpoint/baseline_seeds/modes_labeled_b10_n5000_R1.5_seed4.npy,labeled,b10,1.5,4,5000.0,confident_without_distance,100,0.9,0.2,744,0.8,1.4864347118124566,2.933440982543702,2.924877977173474
labeled_b10_n5000_R1.5_seed4,results_levine13/additional_complete_fixed_checkpoint/baseline_seeds/modes_labeled_b10_n5000_R1.5_seed4.npy,labeled,b10,1.5,4,5000.0,confident_without_distance,100,0.9,0.2,744,1.0,7.45971121381193,14.226821779392514,14.116725996061016
labeled_b10_n5000_R1.5_seed4,results_levine13/additional_complete_fixed_checkpoint/baseline_seeds/modes_labeled_b10_n5000_R1.5_seed4.npy,labeled,b10,1.5,4,5000.0,confident_without_distance,100,0.9,0.2,744,1.5,38.46591317257729,65.48374863909379,63.84454475393593
labeled_b10_n5000_R1.5_seed4,results_levine13/additional_complete_fixed_checkpoint/baseline_seeds/modes_labeled_b10_n5000_R1.5_seed4.npy,labeled,b10,1.5,4,5000.0,confident_without_distance,100,0.9,0.2,744,2.0,58.44208711477216,85.25328146598652,82.19506526233378
labeled_v3f2_R0.8_seed0,results_levine13/additional_complete_fixed_checkpoint/method_seeds/v3f2_R08_R15/modes_labeled_v3f2_R0.8_seed0.npy,labeled,v3f2,0.8,0,,all_raw,100,0.9,0.2,168,0.25,0.005986446684705826,0.01100957833314984,0.01100957833314984
labeled_v3f2_R0.8_seed0,results_levine13/additional_complete_fixed_checkpoint/method_seeds/v3f2_R08_R15/modes_labeled_v3f2_R0.8_seed0.npy,labeled,v3f2,0.8,0,,all_raw,100,0.9,0.2,168,0.5,0.24304973539905653,0.4660721494366766,0.4636255764737544
labeled_v3f2_R0.8_seed0,results_levine13/additional_complete_fixed_checkpoint/method_seeds/v3f2_R08_R15/modes_labeled_v3f2_R0.8_seed0.npy,labeled,v3f2,0.8,0,,all_raw,100,0.9,0.2,168,0.8,2.691506429443739,5.156152519358508,4.993455417324183
labeled_v3f2_R0.8_seed0,results_levine13/additional_complete_fixed_checkpoint/method_seeds/v3f2_R08_R15/modes_labeled_v3f2_R0.8_seed0.npy,labeled,v3f2,0.8,0,,all_raw,100,0.9,0.2,168,1.0,7.961974090658748,14.796873279753386,14.221928633466671
labeled_v3f2_R0.8_seed0,results_levine13/additional_complete_fixed_checkpoint/method_seeds/v3f2_R08_R15/modes_labeled_v3f2_R0.8_seed0.npy,labeled,v3f2,0.8,0,,all_raw,100,0.9,0.2,168,1.5,34.54359330475803,55.89195933795735,53.59340403929196
labeled_v3f2_R0.8_seed0,results_levine13/additional_complete_fixed_checkpoint/method_seeds/v3f2_R08_R15/modes_labeled_v3f2_R0.8_seed0.npy,labeled,v3f2,0.8,0,,all_raw,100,0.9,0.2,168,2.0,62.95586791504035,85.16642812580278,81.92594223641234
labeled_v3f2_R0.8_seed0,results_levine13/additional_complete_fixed_checkpoint/method_seeds/v3f2_R08_R15/modes_labeled_v3f2_R0.8_seed0.npy,labeled,v3f2,0.8,0,,confident_without_distance,100,0.9,0.2,118,0.25,0.005387802016235244,0.009786291851688748,0.009786291851688748
labeled_v3f2_R0.8_seed0,results_levine13/additional_complete_fixed_checkpoint/method_seeds/v3f2_R08_R15/modes_labeled_v3f2_R0.8_seed0.npy,labeled,v3f2,0.8,0,,confident_without_distance,100,0.9,0.2,118,0.5,0.23167548669811547,0.44649956573329913,0.445276279251838
labeled_v3f2_R0.8_seed0,results_levine13/additional_complete_fixed_checkpoint/method_seeds/v3f2_R08_R15/modes_labeled_v3f2_R0.8_seed0.npy,labeled,v3f2,0.8,0,,confident_without_distance,100,0.9,0.2,118,0.8,2.518498120255741,4.873573342140996,4.772040564179726
labeled_v3f2_R0.8_seed0,results_levine13/additional_complete_fixed_checkpoint/method_seeds/v3f2_R08_R15/modes_labeled_v3f2_R0.8_seed0.npy,labeled,v3f2,0.8,0,,confident_without_distance,100,0.9,0.2,118,1.0,7.21366825507052,13.68368258162379,13.320366496629847
labeled_v3f2_R0.8_seed0,results_levine13/additional_complete_fixed_checkpoint/method_seeds/v3f2_R08_R15/modes_labeled_v3f2_R0.8_seed0.npy,labeled,v3f2,0.8,0,,confident_without_distance,100,0.9,0.2,118,1.5,29.39105864323172,50.74436982396907,48.75041285918749
labeled_v3f2_R0.8_seed0,results_levine13/additional_complete_fixed_checkpoint/method_seeds/v3f2_R08_R15/modes_labeled_v3f2_R0.8_seed0.npy,labeled,v3f2,0.8,0,,confident_without_distance,100,0.9,0.2,118,2.0,51.29187519455952,77.84138867481374,73.65285576229097
labeled_v3f2_R0.8_seed1,results_levine13/additional_complete_fixed_checkpoint/method_seeds/v3f2_R08_R15/modes_labeled_v3f2_R0.8_seed1.npy,labeled,v3f2,0.8,1,,all_raw,100,0.9,0.2,171,0.25,0.002993223342352913,0.0036698594443832803,0.002446572962922187
labeled_v3f2_R0.8_seed1,results_levine13/additional_complete_fixed_checkpoint/method_seeds/v3f2_R08_R15/modes_labeled_v3f2_R0.8_seed1.npy,labeled,v3f2,0.8,1,,all_raw,100,0.9,0.2,171,0.5,0.20892698929623332,0.39756810647485535,0.35964622554956144
labeled_v3f2_R0.8_seed1,results_levine13/additional_complete_fixed_checkpoint/method_seeds/v3f2_R08_R15/modes_labeled_v3f2_R0.8_seed1.npy,labeled,v3f2,0.8,1,,all_raw,100,0.9,0.2,171,0.8,2.741193936926798,5.186734681395036,4.862563763807846
labeled_v3f2_R0.8_seed1,results_levine13/additional_complete_fixed_checkpoint/method_seeds/v3f2_R08_R15/modes_labeled_v3f2_R0.8_seed1.npy,labeled,v3f2,0.8,1,,all_raw,100,0.9,0.2,171,1.0,7.909892004501808,14.637846037163444,13.903874148286787
labeled_v3f2_R0.8_seed1,results_levine13/additional_complete_fixed_checkpoint/method_seeds/v3f2_R08_R15/modes_labeled_v3f2_R0.8_seed1.npy,labeled,v3f2,0.8,1,,all_raw,100,0.9,0.2,171,1.5,34.34783649816815,56.04487014813999,54.07415562650617
labeled_v3f2_R0.8_seed1,results_levine13/additional_complete_fixed_checkpoint/method_seeds/v3f2_R08_R15/modes_labeled_v3f2_R0.8_seed1.npy,labeled,v3f2,0.8,1,,all_raw,100,0.9,0.2,171,2.0,61.80048370489213,85.52607435135235,82.77245648158342
labeled_v3f2_R0.8_seed1,results_levine13/additional_complete_fixed_checkpoint/method_seeds/v3f2_R08_R15/modes_labeled_v3f2_R0.8_seed1.npy,labeled,v3f2,0.8,1,,confident_without_distance,100,0.9,0.2,115,0.25,0.0011972893369411653,0.002446572962922187,0.002446572962922187
labeled_v3f2_R0.8_seed1,results_levine13/additional_complete_fixed_checkpoint/method_seeds/v3f2_R08_R15/modes_labeled_v3f2_R0.8_seed1.npy,labeled,v3f2,0.8,1,,confident_without_distance,100,0.9,0.2,115,0.5,0.14307607576446923,0.2923654690692013,0.2923654690692013
labeled_v3f2_R0.8_seed1,results_levine13/additional_complete_fixed_checkpoint/method_seeds/v3f2_R08_R15/modes_labeled_v3f2_R0.8_seed1.npy,labeled,v3f2,0.8,1,,confident_without_distance,100,0.9,0.2,115,0.8,2.155719451162568,4.232571225855383,4.1848630530784
labeled_v3f2_R0.8_seed1,results_levine13/additional_complete_fixed_checkpoint/method_seeds/v3f2_R08_R15/modes_labeled_v3f2_R0.8_seed1.npy,labeled,v3f2,0.8,1,,confident_without_distance,100,0.9,0.2,115,1.0,6.451593592107469,12.338067452016588,12.083623863872681
labeled_v3f2_R0.8_seed1,results_levine13/additional_complete_fixed_checkpoint/method_seeds/v3f2_R08_R15/modes_labeled_v3f2_R0.8_seed1.npy,labeled,v3f2,0.8,1,,confident_without_distance,100,0.9,0.2,115,1.5,27.911209022772443,48.72717041603973,46.91792970995878
labeled_v3f2_R0.8_seed1,results_levine13/additional_complete_fixed_checkpoint/method_seeds/v3f2_R08_R15/modes_labeled_v3f2_R0.8_seed1.npy,labeled,v3f2,0.8,1,,confident_without_distance,100,0.9,0.2,115,2.0,47.27676540312732,73.7715145509927,71.33839773936657
labeled_v3f2_R0.8_seed2,results_levine13/additional_complete_fixed_checkpoint/method_seeds/v3f2_R08_R15/modes_labeled_v3f2_R0.8_seed2.npy,labeled,v3f2,0.8,2,,all_raw,100,0.9,0.2,169,0.25,0.010176959363999904,0.0183492972219164,0.0183492972219164
labeled_v3f2_R0.8_seed2,results_levine13/additional_complete_fixed_checkpoint/method_seeds/v3f2_R08_R15/modes_labeled_v3f2_R0.8_seed2.npy,labeled,v3f2,0.8,2,,all_raw,100,0.9,0.2,169,0.5,0.22449175067646848,0.4281502685113827,0.419587263141155
labeled_v3f2_R0.8_seed2,results_levine13/additional_complete_fixed_checkpoint/method_seeds/v3f2_R08_R15/modes_labeled_v3f2_R0.8_seed2.npy,labeled,v3f2,0.8,2,,all_raw,100,0.9,0.2,169,0.8,2.686118627427504,5.1194539249146755,4.9359609526955115
labeled_v3f2_R0.8_seed2,results_levine13/additional_complete_fixed_checkpoint/method_seeds/v3f2_R08_R15/modes_labeled_v3f2_R0.8_seed2.npy,labeled,v3f2,0.8,2,,all_raw,100,0.9,0.2,169,1.0,7.90270826848016,14.595031010312304,14.125289001431247
labeled_v3f2_R0.8_seed2,results_levine13/additional_complete_fixed_checkpoint/method_seeds/v3f2_R08_R15/modes_labeled_v3f2_R0.8_seed2.npy,labeled,v3f2,0.8,2,,all_raw,100,0.9,0.2,169,1.5,34.1107732094538,55.26685994593073,53.93347768113814
labeled_v3f2_R0.8_seed2,results_levine13/additional_complete_fixed_checkpoint/method_seeds/v3f2_R08_R15/modes_labeled_v3f2_R0.8_seed2.npy,labeled,v3f2,0.8,2,,all_raw,100,0.9,0.2,169,2.0,62.505088479682,84.85938321895605,82.96940560509866
labeled_v3f2_R0.8_seed2,results_levine13/additional_complete_fixed_checkpoint/method_seeds/v3f2_R08_R15/modes_labeled_v3f2_R0.8_seed2.npy,labeled,v3f2,0.8,2,,confident_without_distance,100,0.9,0.2,114,0.25,0.010176959363999904,0.0183492972219164,0.0183492972219164
labeled_v3f2_R0.8_seed2,results_levine13/additional_complete_fixed_checkpoint/method_seeds/v3f2_R08_R15/modes_labeled_v3f2_R0.8_seed2.npy,labeled,v3f2,0.8,2,,confident_without_distance,100,0.9,0.2,114,0.5,0.19695409592682167,0.37677223629001677,0.37432566332709455
labeled_v3f2_R0.8_seed2,results_levine13/additional_complete_fixed_checkpoint/method_seeds/v3f2_R08_R15/modes_labeled_v3f2_R0.8_seed2.npy,labeled,v3f2,0.8,2,,confident_without_distance,100,0.9,0.2,114,0.8,2.292210435573861,4.445423073629613,4.373249171223409
labeled_v3f2_R0.8_seed2,results_levine13/additional_complete_fixed_checkpoint/method_seeds/v3f2_R08_R15/modes_labeled_v3f2_R0.8_seed2.npy,labeled,v3f2,0.8,2,,confident_without_distance,100,0.9,0.2,114,1.0,6.752711860348172,12.81025603386057,12.537463148494746
labeled_v3f2_R0.8_seed2,results_levine13/additional_complete_fixed_checkpoint/method_seeds/v3f2_R08_R15/modes_labeled_v3f2_R0.8_seed2.npy,labeled,v3f2,0.8,2,,confident_without_distance,100,0.9,0.2,114,1.5,28.441009554368907,49.26663975436407,47.42437031328367
labeled_v3f2_R0.8_seed2,results_levine13/additional_complete_fixed_checkpoint/method_seeds/v3f2_R08_R15/modes_labeled_v3f2_R0.8_seed2.npy,labeled,v3f2,0.8,2,,confident_without_distance,100,0.9,0.2,114,2.0,50.35260170972917,76.71474182538809,72.94701946248792
labeled_v3f2_R0.8_seed3,results_levine13/additional_complete_fixed_checkpoint/method_seeds/v3f2_R08_R15/modes_labeled_v3f2_R0.8_seed3.npy,labeled,v3f2,0.8,3,,all_raw,100,0.9,0.2,174,0.25,0.01137424870094107,0.020795870184838586,0.019572583703377496
labeled_v3f2_R0.8_seed3,results_levine13/additional_complete_fixed_checkpoint/method_seeds/v3f2_R08_R15/modes_labeled_v3f2_R0.8_seed3.npy,labeled,v3f2,0.8,3,,all_raw,100,0.9,0.2,174,0.5,0.2855535068604679,0.5431391977687254,0.510110462769276
labeled_v3f2_R0.8_seed3,results_levine13/additional_complete_fixed_checkpoint/method_seeds/v3f2_R08_R15/modes_labeled_v3f2_R0.8_seed3.npy,labeled,v3f2,0.8,3,,all_raw,100,0.9,0.2,174,0.8,2.766935657671033,5.272364735097312,5.025260865842172
labeled_v3f2_R0.8_seed3,results_levine13/additional_complete_fixed_checkpoint/method_seeds/v3f2_R08_R15/modes_labeled_v3f2_R0.8_seed3.npy,labeled,v3f2,0.8,3,,all_raw,100,0.9,0.2,174,1.0,7.95239577596322,14.708796653088188,13.994397347914909
labeled_v3f2_R0.8_seed3,results_levine13/additional_complete_fixed_checkpoint/method_seeds/v3f2_R08_R15/modes_labeled_v3f2_R0.8_seed3.npy,labeled,v3f2,0.8,3,,all_raw,100,0.9,0.2,174,1.5,34.64356696439261,56.32989589832042,53.74998470891899
labeled_v3f2_R0.8_seed3,results_levine13/additional_complete_fixed_checkpoint/method_seeds/v3f2_R08_R15/modes_labeled_v3f2_R0.8_seed3.npy,labeled,v3f2,0.8,3,,all_raw,100,0.9,0.2,174,2.0,62.924139747611406,85.66308243727599,82.66480727121484
labeled_v3f2_R0.8_seed3,results_levine13/additional_complete_fixed_checkpoint/method_seeds/v3f2_R08_R15/modes_labeled_v3f2_R0.8_seed3.npy,labeled,v3f2,0.8,3,,confident_without_distance,100,0.9,0.2,114,0.25,0.010775604032470487,0.019572583703377496,0.019572583703377496
labeled_v3f2_R0.8_seed3,results_levine13/additional_complete_fixed_checkpoint/method_seeds/v3f2_R08_R15/modes_labeled_v3f2_R0.8_seed3.npy,labeled,v3f2,0.8,3,,confident_without_distance,100,0.9,0.2,114,0.5,0.24185244606211537,0.4685187223995988,0.4660721494366766
labeled_v3f2_R0.8_seed3,results_levine13/additional_complete_fixed_checkpoint/method_seeds/v3f2_R08_R15/modes_labeled_v3f2_R0.8_seed3.npy,labeled,v3f2,0.8,3,,confident_without_distance,100,0.9,0.2,114,0.8,2.430497353990565,4.7182159589954376,4.627692759367316
labeled_v3f2_R0.8_seed3,results_levine13/additional_complete_fixed_checkpoint/method_seeds/v3f2_R08_R15/modes_labeled_v3f2_R0.8_seed3.npy,labeled,v3f2,0.8,3,,confident_without_distance,100,0.9,0.2,114,1.0,6.910155408155935,13.120970800151689,12.795576596083036
labeled_v3f2_R0.8_seed3,results_levine13/additional_complete_fixed_checkpoint/method_seeds/v3f2_R08_R15/modes_labeled_v3f2_R0.8_seed3.npy,labeled,v3f2,0.8,3,,confident_without_distance,100,0.9,0.2,114,1.5,28.290749742582793,49.41343413213941,47.432933318653895
labeled_v3f2_R0.8_seed3,results_levine13/additional_complete_fixed_checkpoint/method_seeds/v3f2_R08_R15/modes_labeled_v3f2_R0.8_seed3.npy,labeled,v3f2,0.8,3,,confident_without_distance,100,0.9,0.2,114,2.0,48.3902444864826,75.40460200374326,71.50965784677113
labeled_v3f2_R0.8_seed4,results_levine13/additional_complete_fixed_checkpoint/method_seeds/v3f2_R08_R15/modes_labeled_v3f2_R0.8_seed4.npy,labeled,v3f2,0.8,4,,all_raw,100,0.9,0.2,161,0.25,0.001795934005411748,0.0036698594443832803,0.0036698594443832803
labeled_v3f2_R0.8_seed4,results_levine13/additional_complete_fixed_checkpoint/method_seeds/v3f2_R08_R15/modes_labeled_v3f2_R0.8_seed4.npy,labeled,v3f2,0.8,4,,all_raw,100,0.9,0.2,161,0.5,0.17540288786188069,0.34985993369787266,0.33762706888326177
labeled_v3f2_R0.8_seed4,results_levine13/additional_complete_fixed_checkpoint/method_seeds/v3f2_R08_R15/modes_labeled_v3f2_R0.8_seed4.npy,labeled,v3f2,0.8,4,,all_raw,100,0.9,0.2,161,0.8,2.4346878666698593,4.686410510477448,4.384258749556558
labeled_v3f2_R0.8_seed4,results_levine13/additional_complete_fixed_checkpoint/method_seeds/v3f2_R08_R15/modes_labeled_v3f2_R0.8_seed4.npy,labeled,v3f2,0.8,4,,all_raw,100,0.9,0.2,161,1.0,7.5321472186968705,13.91855358606432,12.909342238858917
labeled_v3f2_R0.8_seed4,results_levine13/additional_complete_fixed_checkpoint/method_seeds/v3f2_R08_R15/modes_labeled_v3f2_R0.8_seed4.npy,labeled,v3f2,0.8,4,,all_raw,100,0.9,0.2,161,1.5,33.9886496970858,55.214258627227906,51.63981552839859
labeled_v3f2_R0.8_seed4,results_levine13/additional_complete_fixed_checkpoint/method_seeds/v3f2_R08_R15/modes_labeled_v3f2_R0.8_seed4.npy,labeled,v3f2,0.8,4,,all_raw,100,0.9,0.2,161,2.0,61.74061923804507,84.97559543469485,81.50023854086389
labeled_v3f2_R0.8_seed4,results_levine13/additional_complete_fixed_checkpoint/method_seeds/v3f2_R08_R15/modes_labeled_v3f2_R0.8_seed4.npy,labeled,v3f2,0.8,4,,confident_without_distance,100,0.9,0.2,99,0.25,0.001795934005411748,0.0036698594443832803,0.0036698594443832803
labeled_v3f2_R0.8_seed4,results_levine13/additional_complete_fixed_checkpoint/method_seeds/v3f2_R08_R15/modes_labeled_v3f2_R0.8_seed4.npy,labeled,v3f2,0.8,4,,confident_without_distance,100,0.9,0.2,99,0.5,0.15325303512846916,0.3107147662911177,0.3107147662911177
labeled_v3f2_R0.8_seed4,results_levine13/additional_complete_fixed_checkpoint/method_seeds/v3f2_R08_R15/modes_labeled_v3f2_R0.8_seed4.npy,labeled,v3f2,0.8,4,,confident_without_distance,100,0.9,0.2,99,0.8,2.0198271114197457,3.9756810647485534,3.9463221891934874
labeled_v3f2_R0.8_seed4,results_levine13/additional_complete_fixed_checkpoint/method_seeds/v3f2_R08_R15/modes_labeled_v3f2_R0.8_seed4.npy,labeled,v3f2,0.8,4,,confident_without_distance,100,0.9,0.2,99,1.0,6.272598836234764,11.920926761838354,11.683609184434902
labeled_v3f2_R0.8_seed4,results_levine13/additional_complete_fixed_checkpoint/method_seeds/v3f2_R08_R15/modes_labeled_v3f2_R0.8_seed4.npy,labeled,v3f2,0.8,4,,confident_without_distance,100,0.9,0.2,99,1.5,27.747180383611504,48.294127001602504,45.4267434890577
labeled_v3f2_R0.8_seed4,results_levine13/additional_complete_fixed_checkpoint/method_seeds/v3f2_R08_R15/modes_labeled_v3f2_R0.8_seed4.npy,labeled,v3f2,0.8,4,,confident_without_distance,100,0.9,0.2,99,2.0,49.490553387131534,76.67559665798134,70.45518489975167
labeled_v3f2_R1.5_seed0,results_levine13/additional_complete_fixed_checkpoint/method_seeds/v3f2_R08_R15/modes_labeled_v3f2_R1.5_seed0.npy,labeled,v3f2,1.5,0,,all_raw,100,0.9,0.2,59,0.25,0.001795934005411748,0.0036698594443832803,0.0036698594443832803
labeled_v3f2_R1.5_seed0,results_levine13/additional_complete_fixed_checkpoint/method_seeds/v3f2_R08_R15/modes_labeled_v3f2_R1.5_seed0.npy,labeled,v3f2,1.5,0,,all_raw,100,0.9,0.2,59,0.5,0.08261296424894041,0.15168752370117558,0.15168752370117558
labeled_v3f2_R1.5_seed0,results_levine13/additional_complete_fixed_checkpoint/method_seeds/v3f2_R08_R15/modes_labeled_v3f2_R1.5_seed0.npy,labeled,v3f2,1.5,0,,all_raw,100,0.9,0.2,59,0.8,0.6896386580781112,1.2991302433116811,1.2673247947936928
labeled_v3f2_R1.5_seed0,results_levine13/additional_complete_fixed_checkpoint/method_seeds/v3f2_R08_R15/modes_labeled_v3f2_R1.5_seed0.npy,labeled,v3f2,1.5,0,,all_raw,100,0.9,0.2,59,1.0,2.1790665932329207,4.069874123821058,3.8692551408614384
labeled_v3f2_R1.5_seed0,results_levine13/additional_complete_fixed_checkpoint/method_seeds/v3f2_R08_R15/modes_labeled_v3f2_R1.5_seed0.npy,labeled,v3f2,1.5,0,,all_raw,100,0.9,0.2,59,1.5,18.639999042168533,31.43234614114279,29.705065629319733
labeled_v3f2_R1.5_seed0,results_levine13/additional_complete_fixed_checkpoint/method_seeds/v3f2_R08_R15/modes_labeled_v3f2_R1.5_seed0.npy,labeled,v3f2,1.5,0,,all_raw,100,0.9,0.2,59,2.0,51.506788630540456,73.83145558858429,70.13957698753471
labeled_v3f2_R1.5_seed0,results_levine13/additional_complete_fixed_checkpoint/method_seeds/v3f2_R08_R15/modes_labeled_v3f2_R1.5_seed0.npy,labeled,v3f2,1.5,0,,confident_without_distance,100,0.9,0.2,35,0.25,0.001795934005411748,0.0036698594443832803,0.0036698594443832803
labeled_v3f2_R1.5_seed0,results_levine13/additional_complete_fixed_checkpoint/method_seeds/v3f2_R08_R15/modes_labeled_v3f2_R1.5_seed0.npy,labeled,v3f2,1.5,0,,confident_without_distance,100,0.9,0.2,35,0.5,0.08261296424894041,0.15168752370117558,0.15168752370117558
labeled_v3f2_R1.5_seed0,results_levine13/additional_complete_fixed_checkpoint/method_seeds/v3f2_R08_R15/modes_labeled_v3f2_R1.5_seed0.npy,labeled,v3f2,1.5,0,,confident_without_distance,100,0.9,0.2,35,0.8,0.6746725413663466,1.2783343731268426,1.2477522110903152
labeled_v3f2_R1.5_seed0,results_levine13/additional_complete_fixed_checkpoint/method_seeds/v3f2_R08_R15/modes_labeled_v3f2_R1.5_seed0.npy,labeled,v3f2,1.5,0,,confident_without_distance,100,0.9,0.2,35,1.0,2.027010847441393,3.855798989565366,3.663743011975975
labeled_v3f2_R1.5_seed0,results_levine13/additional_complete_fixed_checkpoint/method_seeds/v3f2_R08_R15/modes_labeled_v3f2_R1.5_seed0.npy,labeled,v3f2,1.5,0,,confident_without_distance,100,0.9,0.2,35,1.5,15.460597207921268,27.930076944719683,26.41442499418939
labeled_v3f2_R1.5_seed0,results_levine13/additional_complete_fixed_checkpoint/method_seeds/v3f2_R08_R15/modes_labeled_v3f2_R1.5_seed0.npy,labeled,v3f2,1.5,0,,confident_without_distance,100,0.9,0.2,35,2.0,38.72572495869352,63.788273575788715,60.408333027511716
labeled_v3f2_R1.5_seed1,results_levine13/additional_complete_fixed_checkpoint/method_seeds/v3f2_R08_R15/modes_labeled_v3f2_R1.5_seed1.npy,labeled,v3f2,1.5,1,,all_raw,100,0.9,0.2,51,0.25,0.0,0.0,0.0
labeled_v3f2_R1.5_seed1,results_levine13/additional_complete_fixed_checkpoint/method_seeds/v3f2_R08_R15/modes_labeled_v3f2_R1.5_seed1.npy,labeled,v3f2,1.5,1,,all_raw,100,0.9,0.2,51,0.5,0.015564761380235147,0.02813558907360515,0.02813558907360515
labeled_v3f2_R1.5_seed1,results_levine13/additional_complete_fixed_checkpoint/method_seeds/v3f2_R08_R15/modes_labeled_v3f2_R1.5_seed1.npy,labeled,v3f2,1.5,1,,all_raw,100,0.9,0.2,51,0.8,0.4112688872392902,0.7523211860985723,0.6654678459148348
labeled_v3f2_R1.5_seed1,results_levine13/additional_complete_fixed_checkpoint/method_seeds/v3f2_R08_R15/modes_labeled_v3f2_R1.5_seed1.npy,labeled,v3f2,1.5,1,,all_raw,100,0.9,0.2,51,1.0,1.7432532745863365,3.157302408651082,2.5762413299570626
labeled_v3f2_R1.5_seed1,results_levine13/additional_complete_fixed_checkpoint/method_seeds/v3f2_R08_R15/modes_labeled_v3f2_R1.5_seed1.npy,labeled,v3f2,1.5,1,,all_raw,100,0.9,0.2,51,1.5,16.90333085893537,28.643252963411502,23.319510196092825
labeled_v3f2_R1.5_seed1,results_levine13/additional_complete_fixed_checkpoint/method_seeds/v3f2_R08_R15/modes_labeled_v3f2_R1.5_seed1.npy,labeled,v3f2,1.5,1,,all_raw,100,0.9,0.2,51,2.0,46.41411843586121,69.56585562772946,63.93262138060112
labeled_v3f2_R1.5_seed1,results_levine13/additional_complete_fixed_checkpoint/method_seeds/v3f2_R08_R15/modes_labeled_v3f2_R1.5_seed1.npy,labeled,v3f2,1.5,1,,confident_without_distance,100,0.9,0.2,26,0.25,0.0,0.0,0.0
labeled_v3f2_R1.5_seed1,results_levine13/additional_complete_fixed_checkpoint/method_seeds/v3f2_R08_R15/modes_labeled_v3f2_R1.5_seed1.npy,labeled,v3f2,1.5,1,,confident_without_distance,100,0.9,0.2,26,0.5,0.01137424870094107,0.023242443147760774,0.023242443147760774
labeled_v3f2_R1.5_seed1,results_levine13/additional_complete_fixed_checkpoint/method_seeds/v3f2_R08_R15/modes_labeled_v3f2_R1.5_seed1.npy,labeled,v3f2,1.5,1,,confident_without_distance,100,0.9,0.2,26,0.8,0.27896841550729146,0.5394693383243422,0.53702276536142
labeled_v3f2_R1.5_seed1,results_levine13/additional_complete_fixed_checkpoint/method_seeds/v3f2_R08_R15/modes_labeled_v3f2_R1.5_seed1.npy,labeled,v3f2,1.5,1,,confident_without_distance,100,0.9,0.2,26,1.0,1.1398194487679894,2.1542074938529856,2.1272951912608415
labeled_v3f2_R1.5_seed1,results_levine13/additional_complete_fixed_checkpoint/method_seeds/v3f2_R08_R15/modes_labeled_v3f2_R1.5_seed1.npy,labeled,v3f2,1.5,1,,confident_without_distance,100,0.9,0.2,26,1.5,11.028830727233544,19.79277527004049,18.655118842281674
labeled_v3f2_R1.5_seed1,results_levine13/additional_complete_fixed_checkpoint/method_seeds/v3f2_R08_R15/modes_labeled_v3f2_R1.5_seed1.npy,labeled,v3f2,1.5,1,,confident_without_distance,100,0.9,0.2,26,2.0,32.28311103661311,53.87720650299094,50.34924829045714
labeled_v3f2_R1.5_seed2,results_levine13/additional_complete_fixed_checkpoint/method_seeds/v3f2_R08_R15/modes_labeled_v3f2_R1.5_seed2.npy,labeled,v3f2,1.5,2,,all_raw,100,0.9,0.2,54,0.25,0.00897967002705874,0.015902724258994215,0.015902724258994215
labeled_v3f2_R1.5_seed2,results_levine13/additional_complete_fixed_checkpoint/method_seeds/v3f2_R08_R15/modes_labeled_v3f2_R1.5_seed2.npy,labeled,v3f2,1.5,2,,all_raw,100,0.9,0.2,54,0.5,0.08859941093364623,0.15658066962701997,0.15413409666409777
labeled_v3f2_R1.5_seed2,results_levine13/additional_complete_fixed_checkpoint/method_seeds/v3f2_R08_R15/modes_labeled_v3f2_R1.5_seed2.npy,labeled,v3f2,1.5,2,,all_raw,100,0.9,0.2,54,0.8,0.7129858001484639,1.3321589783111307,1.2514220705346986
labeled_v3f2_R1.5_seed2,results_levine13/additional_complete_fixed_checkpoint/method_seeds/v3f2_R08_R15/modes_labeled_v3f2_R1.5_seed2.npy,labeled,v3f2,1.5,2,,all_raw,100,0.9,0.2,54,1.0,2.1245899284020977,3.9365358973417988,3.6025786879029202
labeled_v3f2_R1.5_seed2,results_levine13/additional_complete_fixed_checkpoint/method_seeds/v3f2_R08_R15/modes_labeled_v3f2_R1.5_seed2.npy,labeled,v3f2,1.5,2,,all_raw,100,0.9,0.2,54,1.5,16.44237446421302,28.03772615508826,25.424786230687364
labeled_v3f2_R1.5_seed2,results_levine13/additional_complete_fixed_checkpoint/method_seeds/v3f2_R08_R15/modes_labeled_v3f2_R1.5_seed2.npy,labeled,v3f2,1.5,2,,all_raw,100,0.9,0.2,54,2.0,47.18337683484591,69.72732944328233,65.61464029261013
labeled_v3f2_R1.5_seed2,results_levine13/additional_complete_fixed_checkpoint/method_seeds/v3f2_R08_R15/modes_labeled_v3f2_R1.5_seed2.npy,labeled,v3f2,1.5,2,,confident_without_distance,100,0.9,0.2,31,0.25,0.00897967002705874,0.015902724258994215,0.015902724258994215
labeled_v3f2_R1.5_seed2,results_levine13/additional_complete_fixed_checkpoint/method_seeds/v3f2_R08_R15/modes_labeled_v3f2_R1.5_seed2.npy,labeled,v3f2,1.5,2,,confident_without_distance,100,0.9,0.2,31,0.5,0.08800076626517564,0.15535738314555886,0.15291081018263666
labeled_v3f2_R1.5_seed2,results_levine13/additional_complete_fixed_checkpoint/method_seeds/v3f2_R08_R15/modes_labeled_v3f2_R1.5_seed2.npy,labeled,v3f2,1.5,2,,confident_without_distance,100,0.9,0.2,31,0.8,0.6950264600943463,1.3076932486819088,1.2342960597942432
labeled_v3f2_R1.5_seed2,results_levine13/additional_complete_fixed_checkpoint/method_seeds/v3f2_R08_R15/modes_labeled_v3f2_R1.5_seed2.npy,labeled,v3f2,1.5,2,,confident_without_distance,100,0.9,0.2,31,1.0,2.00366370537104,3.7811785141962395,3.472910320868044
labeled_v3f2_R1.5_seed2,results_levine13/additional_complete_fixed_checkpoint/method_seeds/v3f2_R08_R15/modes_labeled_v3f2_R1.5_seed2.npy,labeled,v3f2,1.5,2,,confident_without_distance,100,0.9,0.2,31,1.5,13.94482890735375,25.222943961246287,23.04794059720846
labeled_v3f2_R1.5_seed2,results_levine13/additional_complete_fixed_checkpoint/method_seeds/v3f2_R08_R15/modes_labeled_v3f2_R1.5_seed2.npy,labeled,v3f2,1.5,2,,confident_without_distance,100,0.9,0.2,31,2.0,36.218601087138715,59.959386888815494,56.232032979803535
labeled_v3f2_R1.5_seed3,results_levine13/additional_complete_fixed_checkpoint/method_seeds/v3f2_R08_R15/modes_labeled_v3f2_R1.5_seed3.npy,labeled,v3f2,1.5,3,,all_raw,100,0.9,0.2,58,0.25,0.0,0.0,0.0
labeled_v3f2_R1.5_seed3,results_levine13/additional_complete_fixed_checkpoint/method_seeds/v3f2_R08_R15/modes_labeled_v3f2_R1.5_seed3.npy,labeled,v3f2,1.5,3,,all_raw,100,0.9,0.2,58,0.5,0.012571538037882234,0.02568901611068296,0.02568901611068296
labeled_v3f2_R1.5_seed3,results_levine13/additional_complete_fixed_checkpoint/method_seeds/v3f2_R08_R15/modes_labeled_v3f2_R1.5_seed3.npy,labeled,v3f2,1.5,3,,all_raw,100,0.9,0.2,58,0.8,0.3777447858049376,0.7143993051732785,0.6911568620255177
labeled_v3f2_R1.5_seed3,results_levine13/additional_complete_fixed_checkpoint/method_seeds/v3f2_R08_R15/modes_labeled_v3f2_R1.5_seed3.npy,labeled,v3f2,1.5,3,,all_raw,100,0.9,0.2,58,1.0,1.540312731974809,2.814782193841976,2.724258994213855
labeled_v3f2_R1.5_seed3,results_levine13/additional_complete_fixed_checkpoint/method_seeds/v3f2_R08_R15/modes_labeled_v3f2_R1.5_seed3.npy,labeled,v3f2,1.5,3,,all_raw,100,0.9,0.2,58,1.5,17.508560618759127,29.519126084137643,27.81386472898088
labeled_v3f2_R1.5_seed3,results_levine13/additional_complete_fixed_checkpoint/method_seeds/v3f2_R08_R15/modes_labeled_v3f2_R1.5_seed3.npy,labeled,v3f2,1.5,3,,all_raw,100,0.9,0.2,58,2.0,49.40315126553483,72.24607630861072,66.98594443832802
labeled_v3f2_R1.5_seed3,results_levine13/additional_complete_fixed_checkpoint/method_seeds/v3f2_R08_R15/modes_labeled_v3f2_R1.5_seed3.npy,labeled,v3f2,1.5,3,,confident_without_distance,100,0.9,0.2,33,0.25,0.0,0.0,0.0
labeled_v3f2_R1.5_seed3,results_levine13/additional_complete_fixed_checkpoint/method_seeds/v3f2_R08_R15/modes_labeled_v3f2_R1.5_seed3.npy,labeled,v3f2,1.5,3,,confident_without_distance,100,0.9,0.2,33,0.5,0.011972893369411652,0.024465729629221868,0.024465729629221868
labeled_v3f2_R1.5_seed3,results_levine13/additional_complete_fixed_checkpoint/method_seeds/v3f2_R08_R15/modes_labeled_v3f2_R1.5_seed3.npy,labeled,v3f2,1.5,3,,confident_without_distance,100,0.9,0.2,33,0.8,0.3376355930174086,0.6471185486929184,0.6373322568412296
labeled_v3f2_R1.5_seed3,results_levine13/additional_complete_fixed_checkpoint/method_seeds/v3f2_R08_R15/modes_labeled_v3f2_R1.5_seed3.npy,labeled,v3f2,1.5,3,,confident_without_distance,100,0.9,0.2,33,1.0,1.355331529417399,2.5505523138463797,2.5077372869952415
labeled_v3f2_R1.5_seed3,results_levine13/additional_complete_fixed_checkpoint/method_seeds/v3f2_R08_R15/modes_labeled_v3f2_R1.5_seed3.npy,labeled,v3f2,1.5,3,,confident_without_distance,100,0.9,0.2,33,1.5,14.521922367759393,25.98138157975216,25.03211127013835
labeled_v3f2_R1.5_seed3,results_levine13/additional_complete_fixed_checkpoint/method_seeds/v3f2_R08_R15/modes_labeled_v3f2_R1.5_seed3.npy,labeled,v3f2,1.5,3,,confident_without_distance,100,0.9,0.2,33,2.0,39.23936208424128,63.946077531897195,59.72818574381934
labeled_v3f2_R1.5_seed4,results_levine13/additional_complete_fixed_checkpoint/method_seeds/v3f2_R08_R15/modes_labeled_v3f2_R1.5_seed4.npy,labeled,v3f2,1.5,4,,all_raw,100,0.9,0.2,50,0.25,0.0,0.0,0.0
labeled_v3f2_R1.5_seed4,results_levine13/additional_complete_fixed_checkpoint/method_seeds/v3f2_R08_R15/modes_labeled_v3f2_R1.5_seed4.npy,labeled,v3f2,1.5,4,,all_raw,100,0.9,0.2,50,0.5,0.021551208064940975,0.04281502685113827,0.04159174036967717
labeled_v3f2_R1.5_seed4,results_levine13/additional_complete_fixed_checkpoint/method_seeds/v3f2_R08_R15/modes_labeled_v3f2_R1.5_seed4.npy,labeled,v3f2,1.5,4,,all_raw,100,0.9,0.2,50,0.8,0.4783170901079955,0.9174648610958199,0.878319693689065
labeled_v3f2_R1.5_seed4,results_levine13/additional_complete_fixed_checkpoint/method_seeds/v3f2_R08_R15/modes_labeled_v3f2_R1.5_seed4.npy,labeled,v3f2,1.5,4,,all_raw,100,0.9,0.2,50,1.0,1.804315030770336,3.3848336942028454,3.208680440872448
labeled_v3f2_R1.5_seed4,results_levine13/additional_complete_fixed_checkpoint/method_seeds/v3f2_R08_R15/modes_labeled_v3f2_R1.5_seed4.npy,labeled,v3f2,1.5,4,,all_raw,100,0.9,0.2,50,1.5,16.829697564713488,28.39737238063782,25.71103526734926
labeled_v3f2_R1.5_seed4,results_levine13/additional_complete_fixed_checkpoint/method_seeds/v3f2_R08_R15/modes_labeled_v3f2_R1.5_seed4.npy,labeled,v3f2,1.5,4,,all_raw,100,0.9,0.2,50,2.0,47.46533847369555,69.24413128310519,63.61456689542124
labeled_v3f2_R1.5_seed4,results_levine13/additional_complete_fixed_checkpoint/method_seeds/v3f2_R08_R15/modes_labeled_v3f2_R1.5_seed4.npy,labeled,v3f2,1.5,4,,confident_without_distance,100,0.9,0.2,24,0.25,0.0,0.0,0.0
labeled_v3f2_R1.5_seed4,results_levine13/additional_complete_fixed_checkpoint/method_seeds/v3f2_R08_R15/modes_labeled_v3f2_R1.5_seed4.npy,labeled,v3f2,1.5,4,,confident_without_distance,100,0.9,0.2,24,0.5,0.019755274059529225,0.04036845388821608,0.04036845388821608
labeled_v3f2_R1.5_seed4,results_levine13/additional_complete_fixed_checkpoint/method_seeds/v3f2_R08_R15/modes_labeled_v3f2_R1.5_seed4.npy,labeled,v3f2,1.5,4,,confident_without_distance,100,0.9,0.2,24,0.8,0.41246617657623136,0.8085923642457826,0.8049225048013994
labeled_v3f2_R1.5_seed4,results_levine13/additional_complete_fixed_checkpoint/method_seeds/v3f2_R08_R15/modes_labeled_v3f2_R1.5_seed4.npy,labeled,v3f2,1.5,4,,confident_without_distance,100,0.9,0.2,24,1.0,1.537319508632456,2.960353285135846,2.9053053934700968
labeled_v3f2_R1.5_seed4,results_levine13/additional_complete_fixed_checkpoint/method_seeds/v3f2_R08_R15/modes_labeled_v3f2_R1.5_seed4.npy,labeled,v3f2,1.5,4,,confident_without_distance,100,0.9,0.2,24,1.5,12.715811402983645,22.866894197952217,21.463784603716345
labeled_v3f2_R1.5_seed4,results_levine13/additional_complete_fixed_checkpoint/method_seeds/v3f2_R08_R15/modes_labeled_v3f2_R1.5_seed4.npy,labeled,v3f2,1.5,4,,confident_without_distance,100,0.9,0.2,24,2.0,34.30593137137521,56.5476408920205,50.84590260193035
labeled_v3f3_R2_seed0,results_levine13/additional_complete_fixed_checkpoint/method_seeds/v3f3_R2/modes_labeled_v3f3_R2_seed0.npy,labeled,v3f3,2.0,0,,all_raw,100,0.9,0.2,139,0.25,0.0,0.0,0.0
labeled_v3f3_R2_seed0,results_levine13/additional_complete_fixed_checkpoint/method_seeds/v3f3_R2/modes_labeled_v3f3_R2_seed0.npy,labeled,v3f3,2.0,0,,all_raw,100,0.9,0.2,139,0.5,0.03951054811905845,0.07951362129497107,0.07951362129497107
labeled_v3f3_R2_seed0,results_levine13/additional_complete_fixed_checkpoint/method_seeds/v3f3_R2/modes_labeled_v3f3_R2_seed0.npy,labeled,v3f3,2.0,0,,all_raw,100,0.9,0.2,139,0.8,1.1116831493498718,2.192129374778279,2.173780077556363
labeled_v3f3_R2_seed0,results_levine13/additional_complete_fixed_checkpoint/method_seeds/v3f3_R2/modes_labeled_v3f3_R2_seed0.npy,labeled,v3f3,2.0,0,,all_raw,100,0.9,0.2,139,1.0,4.174947917913843,7.874295081165059,7.66388980635375
labeled_v3f3_R2_seed0,results_levine13/additional_complete_fixed_checkpoint/method_seeds/v3f3_R2/modes_labeled_v3f3_R2_seed0.npy,labeled,v3f3,2.0,0,,all_raw,100,0.9,0.2,139,1.5,28.309906371973852,47.28369236791564,45.021835663694084
labeled_v3f3_R2_seed0,results_levine13/additional_complete_fixed_checkpoint/method_seeds/v3f3_R2/modes_labeled_v3f3_R2_seed0.npy,labeled,v3f3,2.0,0,,all_raw,100,0.9,0.2,139,2.0,59.14848782356744,82.34185964010912,79.17599422608781
labeled_v3f3_R2_seed0,results_levine13/additional_complete_fixed_checkpoint/method_seeds/v3f3_R2/modes_labeled_v3f3_R2_seed0.npy,labeled,v3f3,2.0,0,,confident_without_distance,100,0.9,0.2,70,0.25,0.0,0.0,0.0
labeled_v3f3_R2_seed0,results_levine13/additional_complete_fixed_checkpoint/method_seeds/v3f3_R2/modes_labeled_v3f3_R2_seed0.npy,labeled,v3f3,2.0,0,,confident_without_distance,100,0.9,0.2,70,0.5,0.03951054811905845,0.07951362129497107,0.07951362129497107
labeled_v3f3_R2_seed0,results_levine13/additional_complete_fixed_checkpoint/method_seeds/v3f3_R2/modes_labeled_v3f3_R2_seed0.npy,labeled,v3f3,2.0,0,,confident_without_distance,100,0.9,0.2,70,0.8,1.0715739565623428,2.1272951912608415,2.1187321858906136
labeled_v3f3_R2_seed0,results_levine13/additional_complete_fixed_checkpoint/method_seeds/v3f3_R2/modes_labeled_v3f3_R2_seed0.npy,labeled,v3f3,2.0,0,,confident_without_distance,100,0.9,0.2,70,1.0,3.8558703096190223,7.409446218209842,7.244302543212595
labeled_v3f3_R2_seed0,results_levine13/additional_complete_fixed_checkpoint/method_seeds/v3f3_R2/modes_labeled_v3f3_R2_seed0.npy,labeled,v3f3,2.0,0,,confident_without_distance,100,0.9,0.2,70,1.5,23.60336198845813,41.71162244486036,39.88036258211311
labeled_v3f3_R2_seed0,results_levine13/additional_complete_fixed_checkpoint/method_seeds/v3f3_R2/modes_labeled_v3f3_R2_seed0.npy,labeled,v3f3,2.0,0,,confident_without_distance,100,0.9,0.2,70,2.0,45.975910538540745,72.20448456824103,68.61046888570834
labeled_v3f3_R2_seed1,results_levine13/additional_complete_fixed_checkpoint/method_seeds/v3f3_R2/modes_labeled_v3f3_R2_seed1.npy,labeled,v3f3,2.0,1,,all_raw,100,0.9,0.2,149,0.25,0.0005986446684705827,0.0012232864814610935,0.0012232864814610935
labeled_v3f3_R2_seed1,results_levine13/additional_complete_fixed_checkpoint/method_seeds/v3f3_R2/modes_labeled_v3f3_R2_seed1.npy,labeled,v3f3,2.0,1,,all_raw,100,0.9,0.2,149,0.5,0.10835468499317544,0.20795870184838589,0.2055121288854637
labeled_v3f3_R2_seed1,results_levine13/additional_complete_fixed_checkpoint/method_seeds/v3f3_R2/modes_labeled_v3f3_R2_seed1.npy,labeled,v3f3,2.0,1,,all_raw,100,0.9,0.2,149,0.8,1.3212087833145758,2.532203016624463,2.4355633845890368
labeled_v3f3_R2_seed1,results_levine13/additional_complete_fixed_checkpoint/method_seeds/v3f3_R2/modes_labeled_v3f3_R2_seed1.npy,labeled,v3f3,2.0,1,,all_raw,100,0.9,0.2,149,1.0,4.374296592514547,8.251067317455075,7.888974518942591
labeled_v3f3_R2_seed1,results_levine13/additional_complete_fixed_checkpoint/method_seeds/v3f3_R2/modes_labeled_v3f3_R2_seed1.npy,labeled,v3f3,2.0,1,,all_raw,100,0.9,0.2,149,1.5,26.705538660472687,44.948438474806416,42.80034741336073
labeled_v3f3_R2_seed1,results_levine13/additional_complete_fixed_checkpoint/method_seeds/v3f3_R2/modes_labeled_v3f3_R2_seed1.npy,labeled,v3f3,2.0,1,,all_raw,100,0.9,0.2,149,2.0,58.17628888197122,81.73143968586002,78.24996635962177
labeled_v3f3_R2_seed1,results_levine13/additional_complete_fixed_checkpoint/method_seeds/v3f3_R2/modes_labeled_v3f3_R2_seed1.npy,labeled,v3f3,2.0,1,,confident_without_distance,100,0.9,0.2,70,0.25,0.0005986446684705827,0.0012232864814610935,0.0012232864814610935
labeled_v3f3_R2_seed1,results_levine13/additional_complete_fixed_checkpoint/method_seeds/v3f3_R2/modes_labeled_v3f3_R2_seed1.npy,labeled,v3f3,2.0,1,,confident_without_distance,100,0.9,0.2,70,0.5,0.10176959363999905,0.19694912351523602,0.19694912351523602
labeled_v3f3_R2_seed1,results_levine13/additional_complete_fixed_checkpoint/method_seeds/v3f3_R2/modes_labeled_v3f3_R2_seed1.npy,labeled,v3f3,2.0,1,,confident_without_distance,100,0.9,0.2,70,0.8,1.2098608749790474,2.3474867579238383,2.3046717310726996
labeled_v3f3_R2_seed1,results_levine13/additional_complete_fixed_checkpoint/method_seeds/v3f3_R2/modes_labeled_v3f3_R2_seed1.npy,labeled,v3f3,2.0,1,,confident_without_distance,100,0.9,0.2,70,1.0,3.8702377816623166,7.432688661357603,7.272438132286201
labeled_v3f3_R2_seed1,results_levine13/additional_complete_fixed_checkpoint/method_seeds/v3f3_R2/modes_labeled_v3f3_R2_seed1.npy,labeled,v3f3,2.0,1,,confident_without_distance,100,0.9,0.2,70,1.5,21.68949498335768,38.81365677027903,37.14387072308464
labeled_v3f3_R2_seed1,results_levine13/additional_complete_fixed_checkpoint/method_seeds/v3f3_R2/modes_labeled_v3f3_R2_seed1.npy,labeled,v3f3,2.0,1,,confident_without_distance,100,0.9,0.2,70,2.0,43.45022868226335,69.85088137790989,66.16634249574908
labeled_v3f3_R2_seed2,results_levine13/additional_complete_fixed_checkpoint/method_seeds/v3f3_R2/modes_labeled_v3f3_R2_seed2.npy,labeled,v3f3,2.0,2,,all_raw,100,0.9,0.2,132,0.25,0.0,0.0,0.0
labeled_v3f3_R2_seed2,results_levine13/additional_complete_fixed_checkpoint/method_seeds/v3f3_R2/modes_labeled_v3f3_R2_seed2.npy,labeled,v3f3,2.0,2,,all_raw,100,0.9,0.2,132,0.5,0.07183736021646991,0.13700808592364244,0.1296683670348759
labeled_v3f3_R2_seed2,results_levine13/additional_complete_fixed_checkpoint/method_seeds/v3f3_R2/modes_labeled_v3f3_R2_seed2.npy,labeled,v3f3,2.0,2,,all_raw,100,0.9,0.2,132,0.8,1.2978616412442232,2.4942811356991696,2.2826525744064003
labeled_v3f3_R2_seed2,results_levine13/additional_complete_fixed_checkpoint/method_seeds/v3f3_R2/modes_labeled_v3f3_R2_seed2.npy,labeled,v3f3,2.0,2,,all_raw,100,0.9,0.2,132,1.0,4.3557386077919595,8.219261868937085,7.61985149302115
labeled_v3f3_R2_seed2,results_levine13/additional_complete_fixed_checkpoint/method_seeds/v3f3_R2/modes_labeled_v3f3_R2_seed2.npy,labeled,v3f3,2.0,2,,all_raw,100,0.9,0.2,132,1.5,26.719307487847516,44.720907189254646,41.596633515603024
labeled_v3f3_R2_seed2,results_levine13/additional_complete_fixed_checkpoint/method_seeds/v3f3_R2/modes_labeled_v3f3_R2_seed2.npy,labeled,v3f3,2.0,2,,all_raw,100,0.9,0.2,132,2.0,58.190656354014514,80.1790891408859,75.96609049873389
labeled_v3f3_R2_seed2,results_levine13/additional_complete_fixed_checkpoint/method_seeds/v3f3_R2/modes_labeled_v3f3_R2_seed2.npy,labeled,v3f3,2.0,2,,confident_without_distance,100,0.9,0.2,64,0.25,0.0,0.0,0.0
labeled_v3f3_R2_seed2,results_levine13/additional_complete_fixed_checkpoint/method_seeds/v3f3_R2/modes_labeled_v3f3_R2_seed2.npy,labeled,v3f3,2.0,2,,confident_without_distance,100,0.9,0.2,64,0.5,0.04010919278752904,0.08196019425789325,0.08196019425789325
labeled_v3f3_R2_seed2,results_levine13/additional_complete_fixed_checkpoint/method_seeds/v3f3_R2/modes_labeled_v3f3_R2_seed2.npy,labeled,v3f3,2.0,2,,confident_without_distance,100,0.9,0.2,64,0.8,0.891980556021168,1.766425679229819,1.7639791062668966
labeled_v3f3_R2_seed2,results_levine13/additional_complete_fixed_checkpoint/method_seeds/v3f3_R2/modes_labeled_v3f3_R2_seed2.npy,labeled,v3f3,2.0,2,,confident_without_distance,100,0.9,0.2,64,1.0,3.188980148942794,6.183713163785827,6.144567996379072
labeled_v3f3_R2_seed2,results_levine13/additional_complete_fixed_checkpoint/method_seeds/v3f3_R2/modes_labeled_v3f3_R2_seed2.npy,labeled,v3f3,2.0,2,,confident_without_distance,100,0.9,0.2,64,1.5,19.62536816647111,35.099759012563155,33.99023817387794
labeled_v3f3_R2_seed2,results_levine13/additional_complete_fixed_checkpoint/method_seeds/v3f3_R2/modes_labeled_v3f3_R2_seed2.npy,labeled,v3f3,2.0,2,,confident_without_distance,100,0.9,0.2,64,2.0,41.44955820023467,66.39020392185645,62.02674104248474
labeled_v3f3_R2_seed3,results_levine13/additional_complete_fixed_checkpoint/method_seeds/v3f3_R2/modes_labeled_v3f3_R2_seed3.npy,labeled,v3f3,2.0,3,,all_raw,100,0.9,0.2,141,0.25,0.0,0.0,0.0
labeled_v3f3_R2_seed3,results_levine13/additional_complete_fixed_checkpoint/method_seeds/v3f3_R2/modes_labeled_v3f3_R2_seed3.npy,labeled,v3f3,2.0,3,,all_raw,100,0.9,0.2,141,0.5,0.04968750748305836,0.09663963203542637,0.09663963203542637
labeled_v3f3_R2_seed3,results_levine13/additional_complete_fixed_checkpoint/method_seeds/v3f3_R2/modes_labeled_v3f3_R2_seed3.npy,labeled,v3f3,2.0,3,,all_raw,100,0.9,0.2,141,0.8,1.3816718948301046,2.6484152323632673,2.5860276218087517
labeled_v3f3_R2_seed3,results_levine13/additional_complete_fixed_checkpoint/method_seeds/v3f3_R2/modes_labeled_v3f3_R2_seed3.npy,labeled,v3f3,2.0,3,,all_raw,100,0.9,0.2,141,1.0,4.80831397715572,9.046203530404785,8.752614774854123
labeled_v3f3_R2_seed3,results_levine13/additional_complete_fixed_checkpoint/method_seeds/v3f3_R2/modes_labeled_v3f3_R2_seed3.npy,labeled,v3f3,2.0,3,,all_raw,100,0.9,0.2,141,1.5,27.557410023706332,46.18395782108212,44.25728161278089
labeled_v3f3_R2_seed3,results_levine13/additional_complete_fixed_checkpoint/method_seeds/v3f3_R2/modes_labeled_v3f3_R2_seed3.npy,labeled,v3f3,2.0,3,,all_raw,100,0.9,0.2,141,2.0,58.420535906707215,81.46598651938297,78.59860300683818
labeled_v3f3_R2_seed3,results_levine13/additional_complete_fixed_checkpoint/method_seeds/v3f3_R2/modes_labeled_v3f3_R2_seed3.npy,labeled,v3f3,2.0,3,,confident_without_distance,100,0.9,0.2,66,0.25,0.0,0.0,0.0
labeled_v3f3_R2_seed3,results_levine13/additional_complete_fixed_checkpoint/method_seeds/v3f3_R2/modes_labeled_v3f3_R2_seed3.npy,labeled,v3f3,2.0,3,,confident_without_distance,100,0.9,0.2,66,0.5,0.04789157347764661,0.09541634555396528,0.09541634555396528
labeled_v3f3_R2_seed3,results_levine13/additional_complete_fixed_checkpoint/method_seeds/v3f3_R2/modes_labeled_v3f3_R2_seed3.npy,labeled,v3f3,2.0,3,,confident_without_distance,100,0.9,0.2,66,0.8,1.3379708340317522,2.594590627178979,2.5383194490317686
labeled_v3f3_R2_seed3,results_levine13/additional_complete_fixed_checkpoint/method_seeds/v3f3_R2/modes_labeled_v3f3_R2_seed3.npy,labeled,v3f3,2.0,3,,confident_without_distance,100,0.9,0.2,66,1.0,4.50061061756184,8.630286126708015,8.411317846526478
labeled_v3f3_R2_seed3,results_levine13/additional_complete_fixed_checkpoint/method_seeds/v3f3_R2/modes_labeled_v3f3_R2_seed3.npy,labeled,v3f3,2.0,3,,confident_without_distance,100,0.9,0.2,66,1.5,22.925097579080962,40.898136934688736,39.1794194282359
labeled_v3f3_R2_seed3,results_levine13/additional_complete_fixed_checkpoint/method_seeds/v3f3_R2/modes_labeled_v3f3_R2_seed3.npy,labeled,v3f3,2.0,3,,confident_without_distance,100,0.9,0.2,66,2.0,43.93094035104524,70.193401592719,66.87095550907067
labeled_v3f3_R2_seed4,results_levine13/additional_complete_fixed_checkpoint/method_seeds/v3f3_R2/modes_labeled_v3f3_R2_seed4.npy,labeled,v3f3,2.0,4,,all_raw,100,0.9,0.2,135,0.25,0.003591868010823496,0.007339718888766561,0.007339718888766561
labeled_v3f3_R2_seed4,results_levine13/additional_complete_fixed_checkpoint/method_seeds/v3f3_R2/modes_labeled_v3f3_R2_seed4.npy,labeled,v3f3,2.0,4,,all_raw,100,0.9,0.2,135,0.5,0.0862048322597639,0.17248339388601416,0.17248339388601416
labeled_v3f3_R2_seed4,results_levine13/additional_complete_fixed_checkpoint/method_seeds/v3f3_R2/modes_labeled_v3f3_R2_seed4.npy,labeled,v3f3,2.0,4,,all_raw,100,0.9,0.2,135,0.8,1.3242020066569287,2.57379475699414,2.512630432921086
labeled_v3f3_R2_seed4,results_levine13/additional_complete_fixed_checkpoint/method_seeds/v3f3_R2/modes_labeled_v3f3_R2_seed4.npy,labeled,v3f3,2.0,4,,all_raw,100,0.9,0.2,135,1.0,4.722109144895955,8.949563898369359,8.57034508911642
labeled_v3f3_R2_seed4,results_levine13/additional_complete_fixed_checkpoint/method_seeds/v3f3_R2/modes_labeled_v3f3_R2_seed4.npy,labeled,v3f3,2.0,4,,all_raw,100,0.9,0.2,135,1.5,28.386532889538085,47.75098780383378,44.74414963240241
labeled_v3f3_R2_seed4,results_levine13/additional_complete_fixed_checkpoint/method_seeds/v3f3_R2/modes_labeled_v3f3_R2_seed4.npy,labeled,v3f3,2.0,4,,all_raw,100,0.9,0.2,135,2.0,58.39539283063145,80.89838159198503,76.85419648427465
labeled_v3f3_R2_seed4,results_levine13/additional_complete_fixed_checkpoint/method_seeds/v3f3_R2/modes_labeled_v3f3_R2_seed4.npy,labeled,v3f3,2.0,4,,confident_without_distance,100,0.9,0.2,70,0.25,0.003591868010823496,0.007339718888766561,0.007339718888766561
labeled_v3f3_R2_seed4,results_levine13/additional_complete_fixed_checkpoint/method_seeds/v3f3_R2/modes_labeled_v3f3_R2_seed4.npy,labeled,v3f3,2.0,4,,confident_without_distance,100,0.9,0.2,70,0.5,0.08440889825435215,0.17126010740455308,0.17126010740455308
labeled_v3f3_R2_seed4,results_levine13/additional_complete_fixed_checkpoint/method_seeds/v3f3_R2/modes_labeled_v3f3_R2_seed4.npy,labeled,v3f3,2.0,4,,confident_without_distance,100,0.9,0.2,70,0.8,1.2541605804458706,2.4575825412553365,2.4270003792188093
labeled_v3f3_R2_seed4,results_levine13/additional_complete_fixed_checkpoint/method_seeds/v3f3_R2/modes_labeled_v3f3_R2_seed4.npy,labeled,v3f3,2.0,4,,confident_without_distance,100,0.9,0.2,70,1.0,4.371902013840664,8.377065825045566,8.107942799124126
labeled_v3f3_R2_seed4,results_levine13/additional_complete_fixed_checkpoint/method_seeds/v3f3_R2/modes_labeled_v3f3_R2_seed4.npy,labeled,v3f3,2.0,4,,confident_without_distance,100,0.9,0.2,70,1.5,23.888316850650128,42.28167394522123,40.1164568730351
labeled_v3f3_R2_seed4,results_levine13/additional_complete_fixed_checkpoint/method_seeds/v3f3_R2/modes_labeled_v3f3_R2_seed4.npy,labeled,v3f3,2.0,4,,confident_without_distance,100,0.9,0.2,70,2.0,44.141663274346875,69.75913489180031,65.89477289686472
